PLR_ID,PLR_NAME,kita_count,kita_names
01100101,Stülerstraße,1.0,['Kenntnisreich Kindertagesstätte Am Zoo']
01100102,Großer Tiergarten,,
01100103,Lützowstraße,5.0,"['KITA Sonnenschein', 'EKT - Cocorico et Co', 'AWO Kita Maulwurf', 'Kita Lützowstraße', 'Kita Bahnhof']"
01100104,Körnerstraße,2.0,"['KiBiLuga', 'FRÖBEL Kindergarten Stepping Stones']"
01100205,Wilhelmstraße,6.0,"['Kita Kinderwelt', 'Kindergarten Alegria', 'Kita im BMAS', 'Kita im BMEL', 'Jump Bilingual Kindergarten', 'FRÖBEL-Kindergarten']"
01100206,Unter den Linden,2.0,"['Kita Französische Str. 16a u. 16b', 'Kita im BMFSFJ']"
01100207,Leipziger Straße,5.0,"['Kita Jerusalemer Str. 10/12/Kigä City', 'Kita Umka', 'Kindergarten Alegria Jardin infantil', 'Musikkindergarten Berlin', 'Alegria Kiga']"
01100308,Charitéviertel,10.0,"['Kita F.A.I.R.play', 'Kita Pelikan', 'Kita Kinderakademie', 'Kita Habersaathstraße', 'Kita CASA AZUL - MAISON BLEUE', 'Kita BMBF', 'FRÖBEL - Kindergarten Charité Mitte', 'Kita Feuerfalter', 'FRÖBEL-Kindergarten in der Charite Rahel Hirsch', 'Kita Wasserflöhe']"
01100309,Oranienburger Straße,10.0,"['Kita Kleine Auguststr. 10/11Kigä City', 'Kita Pfiffikus', 'Ev. Kita Sophien', 'EKT - ""Pippi Langstrumpf""', 'EKT NaturKindergarten Berlin Mitte', 'Berlin Metropolitan School', 'Kita Torstraße', 'Kinderinsel Ziegelstraße', 'Kita Steinstraße 27', 'Kita an der Humboldt-Universität zu Berlin']"
01100310,Alexanderplatzviertel,5.0,"['Kita Max-Beer-Str. 24/26/Kigä City', 'Kinderinsel MITTEndrin', 'Kinderinsel Nebenan', 'Kita am Alex', 'El Mundo de Los Ninos']"
01100311,Karl-Marx-Allee,4.0,"['Lichtenberger Straße 32/33', 'FRÖBEL Kindergarten ""Traumzauberbaum""', 'Kita Weydemeyerstr. 20/21', 'Kita Jacoby-Schwalbe']"
01100312,Heine-Viertel West,4.0,"['FRÖBEL Kindergarten ""Schatzinsel""', 'Kita Villa Murkelmaier', 'Kita Pusteblume', 'Kleiner Fratz']"
01100313,Heine-Viertel Ost,5.0,"['Kita Trauminsel', 'Kita Adalbertstraße 24', 'Kila Spreepferdchen', 'Kita Spreefeld', 'Kita Schmidchen']"
01100414,Nordbahnhof,1.0,['Kita jurella am Park']
01100415,Invalidenstraße,9.0,"['Kita Gartenstr. 107/Kigä City', 'Kita St. Elisabeth', 'Kita Kinderinsel', 'EKT - Rosinante', 'Kita Cavalo-Marinho/Portubi e.V.', 'FRÖBEL Kindergarten Mittendrin', 'BCS Kindergarten Preschool', 'Kita ""Emil Kirschkern""', 'Jump Bilingual Kindergarten']"
01100416,Arkonaplatz,17.0,"['FRÖBEL Kindergarten Casa Fantasia', 'Kita Regenbogen', 'Kita Rheinsberger Str. 34/35', 'Kita Veteranenstr. 10/Kigä City', 'Kita Oase', 'Zions-Kindergarten', 'Kinderladen Rosenthaler Vorstadt', 'Kita Fürstenberger Str. 4/5/Kigä City', 'Oskar Kirschkern', 'Fliederhof Waldorfkindergarten Berlin-Mitte', 'EKT Paul Kirschkern/Vorderhaus', 'Lauder Nitzan Kindergarten Yeshivat Beit Zion-Lauder Jüdisches Lehrhaus', 'El mundo de los ninos', 'Kinderladen Piraterie', 'Musikkindergarten Sternenklang', 'El mundo de los ninos', 'Eschkol Kindergarten']"
01200517,Huttenkiez,4.0,"['Kita Huttenstr. 22A/Kigä City', 'EKT - Arche Moabit', 'Kita Elfenbein', 'Kita Engelsnest']"
01200518,Beusselkiez,4.0,"['Kita Sprachwelt', 'Kita Safina', 'Kita Safina', 'Kita Elfenblume']"
01200519,Emdener Straße,11.0,"['Kita Emdener Str. 11/Kigä City', 'EKT - ALIBABA', 'Kita Emdener Str.', 'Kita Pädagogisches Arbeitskollektiv', 'Kinder- und Schülerladen Olle Burg', 'Kita Swimmy', 'Kita SOS-Kinderdorf', 'Die Bärenbande', 'Kita Olle Burg', 'Kita Schatzinsel', 'Kindergarten Beusselstraße']"
01200520,Bremer Straße,4.0,"['Kita Fantasia', 'EKT - Drunter und Drüber', 'EKT - Der Kick - Initiative im Kiez', 'Schulhort der Theodor-Heuss-Gemeinschaftsschule (nur Sprachförderung)']"
01200521,Zwinglistraße,4.0,"['Kita Otto', 'AWO Kita Schmetterling', 'Kita Arlecchino', 'Kita Brighella']"
01200522,Elberfelder Straße,11.0,"['Ev. Kita Erlöser', 'EKT - Frecher Spatz', 'EKT Flocke', 'EKT - Rosa Wolke/Kirschkern e.V.', 'Kita Hansa-Ufer 3a Kigä City', 'EKT biberbau', 'Kinderladen Katz & Kedi', 'KiLa Jagowspatzen', 'Kita am Essener Park', 'Kita Apfelkern', 'Kita Kolibri']"
01200623,Stephankiez,9.0,"['Kita Havelberger Str. 21/Kigä City', 'Kita Rathenower Str. 15/Kigä City', 'Kinderladen Stoppelhopser', 'EKT - Maluch', 'EKT - Sagaland', 'Kita Cheburashka-Tiergarten', 'Kita Spielraum Perlentaucher', 'Kita Spielraum Havelsegler', 'SpielRaum Stephanshafen']"
01200624,Heidestraße,5.0,"['Kita Lehrter Straße 40', 'KulturKindergarten Energiebündel der 50Hertz GmbH', 'INA.KINDERGARTEN Berlin Kita in der Europacity', 'Kita Spatzenvilla', 'Fröbel-Kindergarten Wasserstadt']"
01200625,Lübecker Straße,7.0,"['Kita Birkelinchen/Ev. Kirchengem. Heilige-Geist', 'Kita der Kath. Kirchengem. St. Laurentius', 'EKT - Perle', 'EKT - Kinderladen Badehaus', 'EKT - Panther, Tiger und Co.', 'Kita Kleiner Frosch', 'Kita Theobald Tiger']"
01200626,Thomasiusstraße,8.0,"['Kita Paradies für Kinder', 'Evangelische Kindertagesstätte St. Johannis der Gemeinde Tiergarten', 'Kita Alt-Moabit 117/Kigä City', 'EKT Kleckerburg', 'EKT Regenbogen', 'Kindergarten Schatztruhe', 'AWO Kita am Spreebogen', 'Kita Bellevue']"
01200627,Zillesiedlung,,
01200628,Lüneburger Straße,4.0,"['Spreekita', 'EKT Schneckenhaus', 'Kita Lüneburger Straße', 'Kita Verein für praktische Pädagogik']"
01200629,Hansaviertel,4.0,"['Kita/Kinder in Bewegung (KiB)', 'Kita Holsteiner Ufer 12/Kigä City', 'Kita an der UdK', 'Kita Kinderstube in Berlin']"
01300730,Drontheimer Straße,6.0,"['Kita Der Kinder-Garten in der Schwedenstraße', 'Kita Sprachvielfalt', 'Kita/Kinder in Bewegung (KiB)', 'Kita - Die Bärenbande', 'Kita Die Bärenbande', 'Kita Kindererde Prinzenallee']"
01300731,Koloniestraße,8.0,"['Kita Nordbahnstr. 15-16/Kigä City', 'EKT - Villa Römer', 'EKT - Klapperkiste', 'EKT - Die Ministerne', 'Kita Kleine Wölkchen', 'Kita Siebenschön', 'Kita Nachtigall', 'FREUDE Kita Wedding']"
01300732,Soldiner Straße,8.0,"['Kita Freienwalder Str. 19c/Kigä City', 'Kita Märchenland', 'Ev. Kita Stephanus', 'Kita Grüntaler Straße', 'Kita Putte', 'Kindergarten Meilenstein', 'Kindertagesstätte Fiorino', 'Kita Kleine Kapitäne']"
01300733,Gesundbrunnen,18.0,"['Kita Stettiner Str. 21-23/Kigä City', 'EKT - Flohzirkus Wedding', 'EKT - Stadtkinder', 'Kita SilberStern', 'EKT - Stadtkinder', 'EKT - Auenland', 'EKT - Stadtkinder', 'Kita Arcobaleno', 'Kita Zauberwald', 'Zwergenstube Auenland', 'Montessori-Kinderhaus Wedding', 'Kita Paradiesvögel Stettiner Straße', 'Kita Weltkinder', 'Kita Osloer Zwerge', 'Bezirksamt Mitte von Berlin (nur Sprachförderung)', 'Prinzenallee 8 (nur Sprachförderung)', 'Ellerbeker Str. 7-8 (nur Sprachförderung)', 'Kita Piccoli Artisti']"
01300834,Brunnenstraße,13.0,"['Kita Ramlerstr. 9-10/Kigä City', 'Kita Sternenhimmel', 'Kita/Kinder in Bewegung (KIB)', 'EKT Omas Garten', 'EKT - Mauerspechte', 'EKT - Waldorf-Kindergarten Berlin-Wedding', 'Kita Omas Garten', 'Kita Brunnengarten', 'Kita KIKADO', 'Kita Moritz (Kita III)', 'Kita Max (Kita II)', 'Kita am Mauerpark', 'Kita Putti']"
01300835,Humboldthain Süd,9.0,"['Kita Ackerstr. 60/Kigä City', 'Kita Wattstraße', 'Kita der Kath. Kirchengem. St. Sebastian', 'Ev. Kita am Humboldthain', 'Kita phorminis', 'Kita Kinderparadies Wedding', 'Kita Sonneninsel', 'Kita Lazarus Haus Berlin', 'El Mundo de los Ninos']"
01300836,Humboldthain Nordwest,11.0,"['Kita Schönwalder Str. 19a/Kigä City', 'Kita Wiesenstr.', 'EKT - Kila Spatzenkinder', 'Kita Neue Hochstr. 44/Kigä City', 'Kita Bunter Stern', 'Kita Ghislan', 'Kita am Nettelbeckplatz', 'Kindertagesstätte Paradiesvögel die Elstern', 'Kita Kinderburg', 'EKT Pankonauten', 'Spielraum Reinickenufer']"
01400937,Afrikanische Straße,7.0,"['Kita Ghanastr. 13/Kigä City', 'Kita Petersallee 29/Kigä City', 'Deutsch-Französische Kita/Kigä City', 'EKT Wilde Wiese', 'EKT Berliner Stadtmäuse', 'Kita Piratenkids', 'Kita Kindererde Afrikanische Straße']"
01400938,Kameruner Straße,11.0,"['Kita/Kinder in Bewegung (KiB)', 'Kita Afrikanische Straße', 'EKT - Tüte Mücken', 'Kita Augustenburger Platz', 'Kita Kardelen', 'Kita Knirpsmaus', 'Kita Engelsnest', 'Kita Freche Früchte', 'Kita Sari', 'Naturkindergarten Wedding e.V.', 'Kita Abendteuerland']"
01400939,Glasgower Straße,17.0,"['EKT Gänseblümchen', 'Kleine Himmelswolke', 'Pädag.Initiative EKT am Schillerpark', 'Montessori Kinderladen Wedding', 'EKT Kleine Himmelswolke', 'EKT am Schillerpark', 'Kita RoKoKids', 'Kita Primavera', 'Kleine RokoKids Kita', 'EKT Kinderoase', 'Kita Piya', 'Kindertagesstätte Paul-Gerhardt-Stift zu Berlin', 'Kita Plapperfrosch', 'Smile Kindergarten', 'Johemi Kita Müllerstraße', 'Kita Johemi', 'Johemi Kita Müllerstraße']"
01400940,Schillerpark,3.0,"['Kita Edinburger Str. 38/Kigä City', 'Kita Seestraße', 'Schillerpark-Kita']"
01400941,Londoner Straße,2.0,"['Ev. Kita Kornelius', 'Kita Plapperschildkröte']"
01400942,Westliche Müllerstraße,11.0,"['Kita Brüsseler Straße', 'Ev. Kinderhaus Kapernaum', 'EKT Krümelbande', 'EKT Bäumchen', 'Kita Paradiesvögel Genterstraße', 'Kita Antwerpener Straße 40', 'Kita Seestern', 'Freche Früchte', 'Kita an der Beuth Hochschule für Technik', 'Kita Bäumchen', 'Hinterhof-Bären']"
01401043,Antonstraße,11.0,"['Kita Reinickendorfer Str. 98/Kigä City', 'Kindergarten Ruheplatz 13', 'Kita Akila', 'Kita Paradiesvögel Plantagenstraße', 'Kita Wunderland', 'Kleiner Fratz', 'Kindertagesstätte Schlösschen-Mitte', 'Kleiner Fratz', 'Kindertagesstätte Tipi', 'Wedding-Schule (nur Sprachförderung)', 'Kita Bienchen']"
01401044,Uferstraße,8.0,"['Kita Kunterbunt', 'Kita/Kinder in Bewegung (KIB) gGmbH', 'EKT - Kinderhütte Wiesenstraße', 'Kinderhaus Kunterbunt', 'Kita Rauda', 'Kinderladen Zauberhaus', 'Kita Ringelblume', 'Kita Kleine Waschbären']"
01401045,Schwedenstraße,6.0,"['EKT Jo Jo', 'Kita Exerzierstr. 32a/Kigä City', 'Kita Osloer Str. 105D/Kigä City', 'Kita Der Kleine Muck', 'Kita Vielfalter', 'Kenntnisreich Badstraße']"
01401046,Nordufer,4.0,"['Kita der Ev. Osterkirchengem.', 'Hinterhof-Tiger', 'EKT Sonnenblume', 'EKT Frischlinge']"
01401047,Sparrplatz,14.0,"['Kita Lynarstr. 10/Kigä City', 'EKT - Pustebär', 'EKT - ""Eisbär""', 'EKT Sparrbande', 'Wolke 7 gGmbH', 'Kita Paradiesvögel Sparrstraße', 'Kita Arif und Alina', 'KITA Wirbelzwirbel', 'Kita Alina und Arif', 'Kita Paradiesvögel', 'Kita Paradiesvögel - Die Zebrafinken -', 'Gipfelstürmer', 'Arif und Alina III', 'Brüder Grimm Grundschule (nur Sprachförderung)']"
01401048,Leopoldplatz,13.0,"['Ev. Kita Nazareth', 'EKT Tausendfüßler', 'Kita A13', 'Kita Liebenwalder Str. 45/Kigä City', 'Groni-Weddinger Kinder- u.Jugendzentrum', 'Groni-Weddinger Kinder- u.Jugendzentrum', 'Groni-Weddinger Kinder- u.Jugendzentrum - Malplaquet 37', 'Groni-Weddinger Kinder- u.Jugendzentrum', 'EKT - Die kleinen Chaoten', 'Kita Nazarethkirchstraße', 'Kita Malplaquetstraße', 'Kita Die kleinen Frösche', 'Kita Plapperfisch']"
01401049,Schulstraße,7.0,"['Kindertagesstätte der Caritas St. Robert', 'AWO Kita Sonnenblume', 'EKT - Doppelpünktchen', 'Kita Weiße Wolke', 'Kita Groninger Straße 34', 'Kita Umpa Lumpa', 'AWO Kita Pinocchio']"
02100101,Askanischer Platz,6.0,"['Kita Traumbaum', 'EKT - Nasreddin', 'Kita Stresemannstraße', 'Kita Bienchen', 'Kita im tam.', 'Kita Möckernstraße 139']"
02100102,Mehringplatz,10.0,"['Kita Kochstr. 8/Kigä City', 'EKT - Wohnhof e.V.', 'Kita Wilhelmstr. 14a/Kigä City', 'Kita Markgrafenstraße', 'EKT- Kindervilla Waldemar (Springerareal)', 'Kita Trauminsel', 'Kita Trauminsel', 'Kita Wolkenzwerge', 'Lernwerkstatt, Die Globale e.V. (nur Sprachförderung)', 'Axel-Springer-Straße / Grashüpfer']"
02100103,Am Berlin Museum,2.0,"['Kita Milchstraße', 'Waldorfkindergarten Kreuzberg']"
02100104,Moritzplatz,4.0,"['Kita Oranienstraße', 'Kita Stallschreiber Str.13', 'Nestwärme', 'Wildfang Kindergarten auf dem Dach']"
02100105,Prinzenstraße,4.0,"['Kita Lobeckstr. 11/Kigä City', 'Ev. Kita St. Simeon', 'EKT - Zappergeck', 'Kita KOTTI']"
02100106,Wassertorplatz,2.0,"['EKT Siebenschläfer', 'Kita Till Eulenspiegel-Kette']"
02200207,Gleisdreieck,2.0,"['Kita Flottwellpromenade', 'Möckernkiez 6']"
02200208,Rathaus Yorckstraße,6.0,"['Kita Sonnenschein', 'Ev. Kita Jesus Christus', 'EKT - Trompete', 'Kita Verein zur Förderung eines freien Erziehungs- und Bildungswesens', 'Kita EMMA APFEL', 'EKT MiniMonster']"
02200209,Viktoriapark,13.0,"['Kita Mehringdamm 116/Kigä City', 'Kita Methfesselstr. 14/Kigä City', 'Kindertagesstätte ""Faros""', 'EKT - Macht nix', 'EKT - Zinnober', 'EKT - Krümelmonster e.V.', 'Kita Monumentenbande e.V.', 'EKT - Kinderladen Luftabong', 'EKT - Katzbach-Piraten', 'EKT - Kulturschlüssel', 'EKT - Macht nix', 'EKT Katzbachstraße', 'Kita Farbkleckse']"
02200210,Urbanstraße,11.0,"['Kita Lingulino', 'Kindertagesstätte Fontanepromenade 14', 'Kita Baerwaldstr. 18/Kigä City', 'AWO Kita Löwenzahn', 'AWO Europakita', 'EKT - Kindervilla Waldemar', 'EKT Springteufel', 'EKT Guten Tag Kinder', 'Kita Spielhaus/Nachbarschaftshaus Urbanstr.', 'Kita Blücherstraße 33', 'Blücherstraße 25']"
02200211,Chamissokiez,22.0,"['Kita Blauwal', 'Evangelische Kita Arche', 'EKT - Tigerente', 'EKT - Zippel und Zappel', 'EKT - Kalle Kirschkern e.V.', 'EKT - Krötenpfuhl', 'EKT - Die Panzerknacker', 'EKT - Klara Kirschkern e.V.', 'Kita Willibald-Alexis-Straße', 'EKT - ""Wildblume"" e.V.', 'EKT - Veda-Lila Kindergarten', 'Kita Schwiebusser Str. 5/Kigä City', 'Kita Tausend Fühler /Nachbarschaftshs Urbanstr.', 'EKT Wildblume', 'EKT - ""Wildblume"" e.V.', 'Integrationskinderladen Fidicinis', 'EKT Girotondo', 'Kinderladen Grüffelo', 'EKT Fino und Fleur', 'EKT Löwenherz & Spunk e.V.', 'EKT Krümelmonster e.V.', 'Kita Zwergenburg']"
02200212,Graefekiez Süd,10.0,"['Kita Urbanstr. 62/Kigä City', 'Kita Urbanstr. 48k/Kigä City', 'EKT - Alles Banane', 'EKT - Knulp', 'Kita Kinder Werk Stadt', 'Kita Hasenheide 56', 'EKT Herzlichtgarten', 'EKT - Neumond', 'Kita Sonnenblümchen', 'Kita Fontanepromenade']"
02200213,Graefekiez Nord,16.0,"['Kita Planufer 77/Kigä City', 'Kita Planufer 81/Kigä City', 'Ev. Kita Melanchthon', 'EKT - Pittiplatsch', 'EKT Minifee', 'EKT - Mondsichel', 'EKT - Knatterpampe', 'EKT Räuberhöhle', 'EKT Optimisten', 'Kinderladen Kreuzbären', 'EKT - Der kleine Horrorladen', 'EKT - Mondlicht I', 'EKT Bunte Mischung', 'EKT - Knatterbande', 'Frieda Kirschkern', 'Kiezpiraten']"
02300314,Oranienplatz,14.0,"['INA.KINDER.Garten', 'Kita der Kath. Kirchengem. St. Michael', 'AWO Kita Wassertropfen', 'EKT Schokokids', 'EKT - Kinderhaus Waldemar Elterninitiative', 'Kita KOTTI Adalbertstraße 87', 'Kita KOTTI', 'Montessori-Kinderhaus Naunynstraße', 'Kita Leuschnerdamm 33', 'Kita KOTTI', 'Kita Till Eulenspiegel-Kette', 'Eltern-Kind-Gruppe Kreuzberg-Nord', 'Eltern-Kinder-Schülergruppe Modell Florian', 'Kita Bethaniendamm']"
02300315,Lausitzer Platz,12.0,"['EKT - Nestwärme', 'Kinder aus Kreuzberg', 'EKT - Affentanz', 'EKT - Langer Rüssel', 'EKT Muskauer Str. 30', 'Kinderladen Muko', 'EKT - Leierkasten', 'EKT - Kinderladen Bande', 'Europa-Kita VAK e.V. Oranienstr. 4', 'EKT Schippe und Eimer', 'EKT Bessere Zukunft für Kinder', 'Kita Piya']"
02300316,Köpenicker Straße,8.0,"['Kita Pücklerstr. 12/Kigä City', 'Ev. Kita St. Thomas', 'Waldorfkindertagesstätte im Forum Kreuzberg', 'Waldorfkindertagesstätte im FORUM Kreuzberg', 'Kita Köpenicker Straße 174', 'Waldorfkindertagesstätte im FORUM Kreuzberg', 'FRÖBEL Kindergarten kaleidoscope', 'Kita Köpenicker Straße 175']"
02300417,Reichenberger Straße West,7.0,"['Kita Reichenberger Str. 40/Kigä City', 'Kita der Ev. Kirchengem. Emmaus-Ölberg', 'EKT - Regenbogenfabrik, Block 109', 'Europa-Kita VAK e.V. Reichenberger Str. 156 A.', 'Kita Kunterbunt 1', 'Kita Kunterbunt 2', 'Kita-kinderbunt']"
02300418,Reichenberger Straße Ost,16.0,"['Kita Reichenberger Str. 92/Kigä City', 'Kita Komsu', 'AWO Kita Kastanie', 'EKT Makke', 'EKT - Wilde 13', 'EKT Hollerbusch', 'EKT Lindenblüte', 'EKT - Tentakel', 'Kita BABB Kreuzberg I', 'EKT - Spreesprotte', 'EKT - Spreesprotte', 'Kita BABB Kreuzberg II', 'Kindertagesstätte Sonnenkäferhaus', 'EKT Jungle', 'EKT Reichenberger Straße', 'Die kleine Welt']"
02300419,Wrangelkiez,14.0,"['Kita Lübbener Str. 6/Kigä City', 'Kita Cuvrystr. 26a/Oppelner Str. 21/Kigä City', 'Kita Schlesische Str. 3-4/Kigä City', 'Ev. Kita Tabor', 'Krümelkinder, Görlitzer Straße', 'EKT - Rübezahl', 'EKT Mauseblitz', 'EKT - Kinder einer Erde', 'EKT - Plutonia', 'EKT - Munkelrübe', 'EKT - Löwenhöhle', 'EKT - Whistcastle of Eternia', 'Kinderladen Cuvrybande', 'Kinderladen IrgendWieAnders']"
02400520,Barnimkiez,4.0,"['Kita der Ev. Kirchengem. Bartholomäus', 'Kita hör-Höchste', 'Kindertagesstätte Das Spielatelier', 'Kita im Friedrichshain']"
02400521,Friedenstraße,7.0,"['Kita Menschenskinder', 'FRÖBEL Kindergarten FRÖBELSPATZEN', 'Kita Palisadenstr. 33/Kigä City', 'KITA Die kleinen Entdecker', 'Kita der Ev. Kirchengem. Auferstehung', 'Kreativitätskindertagesstätte Allesforscher', 'Kinderhafen Krikelkrake']"
02400522,Richard-Sorge-Viertel,6.0,"['FRÖBEL Kindergarten Kleine Füße-Naseweis', 'Kita Richard-Sorge-Str. 43 und 44 Haus Buddelflink und Gänseblümchen', 'Die schlauen Mäuschen', 'Kita IGELBANDE', 'Kindertagesstätte Kleine Insel', 'Kita Zwergenhain']"
02400623,Andreasviertel,5.0,"['Kita Spiel- und Erlebniswelt', 'BOOT-Kita Farbenland', 'Kita Leonardo', 'Kita Blumenkinder', 'Kita Ultimo auf dem Holzmarkt']"
02400624,Weberwiese,12.0,"['Kita Entdeckerland', 'Krippe Playground', 'Kita Fredersdorfer Str. 6/Kigä City', 'Kita Hopsemops', 'Kita Miki', 'Kita Sterntaler', 'Kita der Bildungsgarten', 'Kita der Bildungsraum', 'junior 1, Kita Kopernikushof', 'Kita Marchlewskistraße', 'Kita Playground', 'Junior 1 Kita Grünbergerhof']"
02400625,Wriezener Bahnhof,1.0,['Fröbel Kindergarten Flipflopz']
02500726,Hausburgviertel,6.0,"['EKT - Pipilota', 'EKT - pinepako', 'EKT - Grüne Wolke', 'EKT - Kleine Fische', 'Kita Mühsamstraße 73', 'Spieltraum Hausburg']"
02500727,Forckenbeckplatz,11.0,"['Kita Tausendfüsschen', 'Kita Weidenkätzchen', 'Kita Wichtelbühne', 'Ev. Kita Galiläa', ""Kinderladen Rock'n'Roll Zwerge"", 'Kita Bänschstraße 24', 'Kita Rigaer Straße', 'Musik-Kita Klimperkiste', 'Kindergarten La Sonrisa', 'Kita Das Schneckenhäuschen', 'Inklusionskita Salamander']"
02500728,Samariterviertel,9.0,"['Kinderladen Buana', 'Ev. Kita Samariter', 'KiLa Rumpelbande', 'Musik - Kita KLIMPERKISTE', 'Kinderladen Mumpelmonster', 'Kita El jardin de Federico', 'Kinderladen Fuchsbau', 'Kita Betti Konfetti', 'EKT Klein und Stark']"
02500729,Pettenkofer Straße,2.0,"['Kita Bänschstr. 76/78/Kigä City', 'FRÖBEL Kindergarten Am Ring']"
02500830,Niederbarnimstraße,2.0,"['EKT- Friedrichshainer Mäuse', 'Kita Windspiel']"
02500831,Wismarplatz,10.0,"['Kita Colbestr.9 - 13', 'Kita Kinzigstr. 32/34/Kigä City', 'EKT Integrative Kinderbetreuung NIDO', 'EKT - Kinderbüro', 'Kita Spieltraum', 'Kita Scharnweberstraße', 'Kita Holteistraße', 'Kita Scharnweber Straße 47', 'Kita Salabanda 35', 'Kinzigstr. 18']"
02500832,Traveplatz,8.0,"['EKT - Lieblingsplatz', 'Humanistische Kita Hopsekäse', 'Kita Müggelstraße', 'Ev. Kita Regenbogenfisch', 'Kita Travestraße', 'Kindergarten La Sonrisa', 'Kila Friedrichsklain', 'Fröbel Kindergarten Freudenberg']"
02500833,Boxhagener Platz,4.0,"['EKT Elfenwelt', 'Kindergarten Friedrichshainer Pünktchen', 'Kita Till Eulenspiegel-Kette', 'KiLa PeTiTaTu']"
02500834,Revaler Straße,13.0,"['Kita Gryphiusstr. 34-35', 'EKT - SOL', 'Kita Till Eulenspiegel-Kette', 'Kita Kinderland', 'Ev. Kita Sonnenblume', 'EKT - LUNA', 'Kita Nella Propella', 'Kita der Friedrichshainer Zwerge', 'Montessorikinderhaus Olivo', 'Kinderladen Rabenkinder', 'Kita Rabbit Street', 'Kita Klainohrhaase', 'Gemeinschaftsunterkunft Simon Dach Str. (nur Sprachförderung)']"
02500835,Stralauer Kiez,6.0,"['Kita SpreeKlang', 'Kita Am Rudolfplatz', 'EKT JAMSAPALPIM', 'Kinderladen Klein im Hain', 'Kita Glückskinder', 'Kita Glückskinder Stralauer Allee']"
02500836,Stralauer Halbinsel,3.0,"['FRÖBEL Kindergarten Palmkernzeile', 'Humanistische Kita Bahrfeldtstraße', 'Kinderhafen Spreeräuber']"
03100101,Bucher Forst,7.0,"['Kita Kleine Glückspilze', 'Kindergarten Waldkind', 'Kita Ludwig Hoffmann Quartier', 'Kita Bucher Spatzen', 'Kita Baum und Borke', 'Naturkindergarten Tante Josefine', 'Kita am Wald']"
03100102,Klinikum Buch,1.0,"['FRÖBEL - Kindergarten Sonne, Mond und Sterne']"
03100103,Karower Chaussee,6.0,"['IB-Kita, Internationaler Bund', 'Kita Lindenberger Weg 26/Kigä NordOst', 'Kita Vielfarb-Kita', 'Kita Walter-Friedrich-Str. 20-22/Kigä NordOst', 'Kita CampusSterne', 'Kita Glück Glück']"
03200204,Blankenfelde,3.0,"['""Waldkindergarten Pankow e.V. - Die Waldläufer""', 'Kita Schwalbennest', 'Kita Kleine Strolche']"
03200205,Uhlandstraße,6.0,"['Humanistische Kita Wirbelwind', 'Kleine Abenteurer', 'Kita Kleine Mimmi', 'Kita Zitterbacke', 'EKT Melodiekiste', 'EKT Hauptstadtindianer']"
03200206,Pastor-Niemöller-Platz,15.0,"['EKT - Timpetu', 'EKT - Arbeitsgruppe für Montessori-Pädagogik', 'Kita Gänseblümchen', 'Lara.berlin Kita', 'Kita am Brosepark', 'Kita am Schlosspark', 'Kita St. Maria Magdalena', 'Kita Lotusblüte', 'KitaEins', 'Kita Paul und Paula', 'Kita Villa Lobo', 'Kita Leo Lausemaus', 'Kita Grabbe-Kogge', 'Kita Sonne und Mond', 'kita ""Glückspilze""']"
03200207,Herthaplatz,14.0,"['Kita - Die Pankis', 'Waldkindergarten Robin Hood', 'Kita Sauseschritt', 'Kita Schillerwiese', 'Kita Kreuzgraben', 'Kita Meilenstein', 'Kita Schillersternchen', 'Kindergarten Rehkidz', 'Kita Schillerzwerge', 'Kita Dietzgen-Strolche', 'Pankizwerge', 'Kita Knirpsentreff', 'Evangelische Kindertagesstätte', 'Kinderladen ""Schneeweißchen""']"
03200308,Nisbléstraße,4.0,"['Kita Petitweg', 'Kita Die Insel', 'Kita Französisch Buchholz', 'Kita Kindererde Berliner Straße']"
03200309,Eddastraße,3.0,"['ASB Kita Triftbande', 'Kita Spatzenhaus', 'Kita Villa Universum']"
03200310,Krugpfuhl,8.0,"['Kita Zauberstein', 'Kita La Cigale/Kigä NordOst', 'Kita Murmelstein', 'Kita Buchholz', 'Kita Schützenstr. 133/Kigä NordOst', 'Kleiner Fratz', 'Kita p.f.-knirpse', 'ASB Hugenottenhofkita Berlin']"
03300411,Karow Nord,11.0,"['Integrationskindergarten Pfannschmidtstr. 70/Kigä NordOst', 'Kita Die Röländer', 'Kita Krümelkiste', 'Kita Busonistr.145/Kigä NordOst', 'Kita Sonnenblume/Kigä NordOst', 'Kita Orgelpfeifen', 'Kita Entdeckerland', 'Kita Achillesstraße', 'Kita Zitterbacke 2', 'Cooperative Mensch Kita Karow Kidz', 'Kita Nordstern']"
03300412,Karow Bahnhof,2.0,"['Kita Karower Knirpse', 'Kita der kleinen Kreativen']"
03300413,Karow Ost,3.0,"['Kita ""Tausendfüßer""', 'ev. Kita Himmels.Blick', 'Kindertagesstätte Piratenkids']"
03300514,Blankenburg,1.0,['Kita Spatzenburg/Kigä NordOst']
03300515,Blankenburger Süden,1.0,['Kita Blankenburger Wichtel']
03300516,Heinersdorf,3.0,"['Kita Steinbergzwerge', 'Ev. Kita Heinersdorf', 'Kita- Peacekids']"
03300517,Märchenland,,
03400618,Rosenthal,2.0,"['Kita Wiesenwichtel', 'Waldorfkindergarten Sonnenhaus']"
03400619,Wilhelmsruh,14.0,"['Kita Fontanestr. 83/Kigä NordOst', 'Ev. Kita Wilhelmsruh', 'BOOT-Kita Uhlandzwerge', 'Klax Kindergarten Igelnest', 'Villa Flohkiste', 'Kita Kinderwald', 'Kita Villa Her(t)zstraße', 'Wiki - Wilhelmsruher Kinder', 'Kita Villa Kunterbunt', 'Kita Sternenburg', 'Kita Sternenwiege', 'TreeHaus', 'Kita Schneeflocke', 'Kita Friesenkinder']"
03400620,Schönholz,1.0,['Kita Pankebären']
03400721,Florakiez,18.0,"['Kita Zipfelmütze', 'EKT Garuda', 'Ev. Kita Martin-Luther', 'Kita ""Die kleinen Strolche""', 'EKT - Ratzefatze', 'Kita Kleine Leute ganz groß', 'Kita Tandem', 'EKT Auenland', 'Kita Mondschaukel', 'EKT Simsalabim', 'EKT Stadtkinder', 'Kita Pankekinder', 'Kita Sternschnuppe', 'Kila PiWi', 'Kinderland Ferndinand', 'Kita Pankekinder 2', 'Kita Pankeblumen', 'Kita Freude Pankow 3']"
03400722,Parkstraße,7.0,"['Kita Sonnenblume', 'Kita Pestalozzistr.9-11/Kigä NordOst', 'Waldorfkindergarten Pankow', 'Kinderladen Pankekäfer', 'Kita Freche Fledermäuse Pankow', 'Junior 1 Kita am Bürgerpark', 'Kita Klitze und Klein']"
03400723,Garbátyplatz,9.0,"['Kita der Ev. Kirchengem. Alt-Pankow', 'KITA Villa Sternenschiff', 'Kita Pankower Wichtel', 'Kita der Kath. Kirchengem. St. Georg', 'lara.berlin Kita', 'Kita Kindererde Damerowstraße', 'Kinderhaus Sternenwiese', 'Platanus Kindergarten', 'lara.kita']"
03400724,Wolfshagener Straße,9.0,"['Schlossparkspatzen', 'IB-Kita, Internationaler Bund', 'Kita Krikelkrakel', 'Verbundkita Pankow - Die Wölfe Mini', 'Kinderladen Spielmäuse', 'Kindergarten Affenbande', 'Verbundkita Pankow - Die Wölfe Maxi', 'Kita Pankepiraten', 'Kita Leni Kirschkern']"
03400725,Schlosspark,5.0,"['Kita Klothildestr. 21/Kigä NordOst', 'Kita Pankowerstr.', 'Kita Strauchwiese', 'Kita Die Kiezkrümel', 'Kita Sternenhof']"
03400826,Tiroler Viertel,5.0,"['Bildungsinstitut JT (nur Sprachförderung)', 'Kita Am Brennerberg', 'Kita Albatros', 'Kita Sonnenkäfer', 'Kita Clownfisch']"
03400827,Trelleborger Viertel,4.0,"['Kita der Ev. Kirchengem. Hoffnung', 'Klax Kindergarten Pusteblume', 'Kita Cheburashka-Pankow', 'Kita Little Munchkins']"
03400828,Spiekermann Straße,7.0,"['Integrationskita Schneckenhaus/Kigä NordOst', 'Kita EigenSinn', 'Montessori-Kinderhaus ""Lolek und Bolek""', 'Kita Cheburashka - Wisbyer Straße', 'Kita Anderland', 'Kita Herthastraße', 'Kita ""Holzweg""']"
03400829,Arnold-Zweig-Straße,6.0,"['Klax Krippe Sonnenhaus,Klax Kindergarten Wolkenhaus und Klax Vorschule Regenbogenhaus', 'Kita Schmetterlingshaus', 'Kindergarten Junges Gemüse', 'Kita Pankower Pixxel', 'Kita ""Binzzwerge""', 'Kita Selma-Lagerlöf-Straße']"
03400830,Kissingenviertel,4.0,"['EKT Gartenkinder', 'Kinderkrippe Junges Gemüse', 'Kinderladen Sterntaler', 'Platanus Kita']"
03400831,Pankower Tor,,
03500932,Bühringstraße,4.0,"['Kita Roelckespatzen', 'Kita Bühringstr. 21/23/Kigä NordOst', 'dreieins-Kindertagesstätte Weißensee', 'Kita Wirbelwind']"
03500933,Weißer See,10.0,"['""Villa Seegarten""', 'Kita Knirpsenland', 'EKT - Kinderladen Villa Honighut', 'Evangelische Stephanus-Kita', 'Kita Gänseblümchen', 'Kita Gäblerstraße', 'Kita Paul und Paula', 'Kita am See', 'Kita Sonnenzwerge', 'Kita El mundo de los ninòs']"
03500934,Weißenseer Spitze,7.0,"['Klax Kindergarten Tausendfüßler', 'Kita Streustr. 41/Kigä NordOst', 'EKT Filippo', 'Kita Spieltraum Weißensee', 'Kita Langohr', 'FREUDE Kita Pankow 2', 'Kiezforscher']"
03500935,Behaimstraße,12.0,"['Kita der Kath. Kirchengem. St. Josef', 'Kita der Ev. Kirchengem. Weißensee', 'Kita Charlottes Spatzenkinder', 'EKT Stadt Land Fluss', 'EKT the Coloured World of Kids', 'Kinderladen Rosenrot', 'Kita Anton und Lola', 'EKT Zilli-Billi-Willi', 'Kita Wurzelgemüse', 'Kleiner Fratz', 'EKT el jardin de Mafalda', 'Transculture Kids']"
03500936,Komponistenviertel Weißensee,8.0,"['Kita Kinderzeit', 'Kita Lindenallee 48/Kigä NordOst', 'Kinderladen Miekematze', 'Kita Im Komponistenviertel', 'EKT - Kleine Riesen - Große Zwerge', 'EKT Zilli-Billi-Willi', 'Waldorfkindergarten Weißensee', 'Kita Zauberschlüssel']"
03501037,Rathaus Weißensee,4.0,"['Kita Bernkasteler Str. 9/10/Kigä NordOst', 'Integrationskindergarten ""EigenSinn""/Kigä NordOst', 'Kita Rappelkiste', 'Kita Makuschki']"
03501038,Hansastraße,2.0,"['Kita Vielfarb-Kita', 'Kita Bergfalke']"
03601139,Norweger Viertel,5.0,"['Kita Villa Schabernack', 'Kita Tegner-Strolche', 'Freude Kindergarten', 'Ökologischer Kinderladen ""Kinderland der Träume""', 'Kita Born']"
03601140,Malmöer Straße,3.0,"['Kita Gerne Groß/Kigä NordOst', 'Kita Drieselmäuse', 'EKT Paul-Robeson-Straße']"
03601141,Arnimplatz,12.0,"['Kita Freche Früchtchen', 'Kita Zum klingenden Bäumchen', 'Kita Schivelbeiner Str. 12/Kigä NordOst', 'Kath. Kita St. Augustinus', 'Evangelische Kita Arche', 'Kita kribbel krabbel', 'EKT Bullerbü', 'Kita Pünktchen und Paul', 'Kindergarten Brüderchen & Schwesterchen', 'EKT el jardin de Mafalda', 'Kita Paradiesäpfel', 'el jardin de Mafalda Schivelbeiner Straße']"
03601142,Falkplatz,15.0,"['EKT Grashüpfer', 'Integrationskita Prenzl.Berg Pustekuchen', 'Kita Haus 2', 'EKT - Zebra Int. Kiga', 'EKT Josephine', 'Kita Räuberhöhle', 'EKT uno dos tres', 'EKT Sausebrause', 'Kita Mauerschwalben', 'Kita Gaudystraße', 'Folli Folletti', 'Kindergarten Aramsamsam 2', 'Kita Die wilden Küken', 'EKT Cantianstraße', 'Kita Edgar Berlin']"
03601243,Rodenbergstraße,7.0,"['Kita Erich-Weinert-Str. 33/Kigä NordOst', 'Klax Krippen Regentropfenhaus und Wolkenzwerge;Klax Kindergärten Sternschnuppenhaus, Sonnenhaus und Wirbelwind', 'Kita der Kath. Kirchengem. Heilige Familie', 'Humanistische Kita Prenzlzwerge', 'Kita Remmi-Demmi', 'Kita SEHsternTaler', 'Kinderladen Spaceys']"
03601244,Humannplatz,4.0,"['Berlin Kids international Kita', 'Freche Fledermäuse', 'Kita Drachenhöhle', 'EKT Libelle']"
03601245,Ostseestraße,6.0,"['Kita Rückenwind', 'Kita Prenzlauer Allee 115/116/Kigä NordOst', 'Kita Mandelbäumchen', 'Kita Preußstraße', 'dreieins-Kindertagesstätte Prenzlauer Berg', 'EKT Mooswuffel']"
03601346,Gethsemanekirche,3.0,"['Kita Gethsemane', 'EKT Billabong 02', 'Coworking Toddler Prenzlauer Berg']"
03601347,Helmholtzplatz,16.0,"['Kita Kritzelknirpse', 'Kita Helmistrolche', 'EKT Domino', 'Kita Prenzelberger Spielmäuse/Kigä NordOst', 'EKT - Mischpoke', 'Kita Hoppetosse', 'EKT - 10 Vorne', 'Kindergarten Aramsamsam', 'Kinderladen Prenzlpanther', 'Kita Lettestraße 8', 'Deutsch-chinesische Kita', 'Kita Pauline Kirschkern', 'Kita BAZUBA KAMINKA', 'Kita Berliner Pandabären', 'Kita Pappelallee', 'Kita Edgar Berlin']"
03601348,Senefelderstraße,7.0,"['Kita der Basisgemeinde Prenzl.Berg', 'Kita Elias', 'EKT - Villa Kunterbunt', 'Kita Kinderschlummerland', 'EKT Kindertraum', 'Kita KiBa', 'Kita Kinderwirtschaft']"
03601449,Michelangelostraße,5.0,"['Kindergarten Sonnenblume/Kigä NordOst', 'Humanistische Kita Mühlengeister', 'Kita Bewegungsreich', 'Integrationskita Raupe Nimmersatt', 'Kita Am Zauberberg']"
03601450,Volkspark Prenzlauer Berg,3.0,"['Montessori-Integrations-Kindergärten im Syringenweg', 'Kinderwelten 118 (FBO)', 'Kinderwelten 118a (FBO)']"
03601451,Anton-Saefkow-Park,3.0,"['Kindergarten Sonnenhügel', 'Kita Cheburashka-Prenzlauer Berg', 'Bambini-Oase - Casa gialla']"
03601452,Velodrom,3.0,"['Kita Sonnenmäuse/Kigä NordOst', 'Kita der Kath. Kirchengem. Corpus Christi', 'Kita Cotheniusstrolche']"
03601453,Alter Schlachthof,9.0,"['Kita Hausburg', 'Kindergarten Elements und Hexenkleckshausen', ""Deutsch-Französische Kita Kiternelle P'tits Loups"", 'Kita Thaerstraße', 'Kita Sternchen', 'Kita Hokus Pokus', 'Kita Mondbär und Sonnenkäfer', 'Kita Hausburgviertel', 'Stadt und Waldkinder']"
03701554,Teutoburger Platz,10.0,"['Kindergarten am Hirschhof', 'EKT - Kinder Sorpresa', 'Kinderladen Prenzlauer Berg', 'Kita Tigerenten/Kigä NordOst', 'EKT Mittenmang', 'EKT - Erdnuckel', 'Waldorfkindergarten Prenzlauer Berg', 'Kita der Kath. Kirchengem. Herz Jesu', 'EKT - Quasselstrippe', 'El mundo de los ninos']"
03701555,Sredzkistraße,4.0,"['Kita Hanna vom Kolle', 'Waldorfkindergarten Wurzelwerk', 'Wald & Wiesen Kita', 'Kita Bekids Playgarden']"
03701556,Kollwitzplatz,7.0,"['Kita Pinocchio', 'Kita ""Am Wasserturm""', 'Secret Garden', 'EKT - Treinta Lobitos', 'Kita Kolmarer Straße 6', 'Integrierter Waldkindergarten', 'Fröbel Kindergarten']"
03701657,Thälmannpark,4.0,"['Kita Prenzelberger Schwalbennest/Kigä NordOst', 'Kita Räuberbande/Kigä NordOst', 'Kita Remmi-Demmi Ella-Kay-Straße', 'Kita unterm Regenschirm']"
03701658,Christburger Straße,12.0,"['Kita Zwergenhausen/Kigä NordOst', 'EKT Im Känguru', 'Evangelische Kita Winsstraße', 'EKT - Obst und Gemüse', 'Kita Zwergenbaude', 'Kita Kleine Kobolde', 'Kita Zwergenbaude II', 'KiTa Sternenwiese', 'Kita Bunte Burg', 'EKT Sockenläufer', 'Cheburashka - Winsviertel', 'Kita Cheburashka-Christburger']"
03701659,Immanuelkirchstraße,8.0,"['Kita Prenzlauer Berg', 'Kita der Ev. Kirchengem. Immanuel', 'EKT Glühwürmchen', 'Kita Berliner Kindheit', 'EKT - Der Hummer aus Toronto', 'Kita Bienchen Prenzlauer Berg', 'EKT Kitanelle coccinelle', 'Kita Berliner Kindheit']"
03701660,Bötzowstraße,16.0,"['Am Hain', 'Kita Bambinioase', 'EKT - Theaterspiel-Kita Capriola', 'EKT Elfenland', 'EKT - Kitaträumer', 'Kita Flinke Füchse', 'EKT Guckloch', 'EKT - Bötzowstrolche', 'Kita Krümelkörbchen', 'EKT Mucklas', 'EKT Krabbelkörbchen', 'EKT Schnick und Schnack', 'Kita Prenzlmäuse', 'Mascha und der Bär', 'Kita Kesse Käthe', 'Spielart Käthe']"
04100101,Jungfernheide/Plötzensee,5.0,"['Kita Halemweg', 'Ev. Kita Regenbogenland', 'Luftikus Kindergarten', 'Kita Zicke-Zacke', 'Erlebniswald']"
04100102,Paul-Hertz-Siedlung,2.0,"['Ev. Kita Plötzensee', 'Kita Bernhard-Lichtenberg-Straße']"
04200203,Olympiagelände,2.0,"['KiTa Rominter Allee', 'Kita Kinder in Bewegung (KiB)']"
04200204,Angerburger Allee,1.0,['Ev. Kita Grünes Dreieck']
04200205,Flatowallee,2.0,"['Die wilden Westender', 'Dickenskita']"
04200206,Kranzallee,1.0,['Kindergarten der Schele-Schule']
04200207,Eichkamp,7.0,"['Ev. Kita Frieden', 'EKT - Eichkatzweg', 'EKT - Eichhörnchen', 'Kinderhaus Waldschulallee', 'Kindertagesstätte', 'Kita allerHand', 'Kindertagesstätte der Jüdischen Gemeinde zu Berlin']"
04200308,Branitzer Platz,9.0,"['Kita Kastanienallee des Pestalozzi-Fröbel-Hauses', 'Ev. Kita Neu Westend', 'Ev. Halbtagskita Neu Westend', 'Jüdischer Kindergarten Gan Israel', 'Kita Sonnenblume', 'Kinderladen Akazienhof', 'Kita Villa Grips', 'Kinderland Westend', 'Charlottenburger Teddys - Akazienallee']"
04200309,Neu Westend,2.0,"['Kita Heilig Geist', 'Waldorfkindergarten Westend']"
04200310,Fürstenplatz,4.0,"['Kita Länderallee', 'Kita Württembergallee', 'Internationaler Kindergarten Sara', 'Kita Kastanie']"
04200311,Königin-Elisabeth-Straße,4.0,"['Ev. Kita Epiphanien', 'EKT - Kindergruppe Lassymoss', 'EKT Grünes Nashorn', 'Kita Kükenbande 3']"
04300412,Schlossgarten,3.0,"['Kita GIRASOLES-SONNENBLUMEN', 'Kita Kinder am Schloss', 'ASB Kinder und Jugendhilfe Berlin gGmbH']"
04300413,Klausenerplatz,15.0,"['Kita der Kath. Kirchengem. St. Kamilus', 'EKT Windmühle', 'EKT Grüne Erdferkel', 'EKT Firlefanz', 'EKT Bollerwagen Charlottenburg', 'EKT - Kartoffelladen', 'EKT - Kinderbegegnungsstätte Atatürk', 'EKT - Drunter und Drüber', 'EKT Gemeinnütziger Charlottenburger Kila', 'Kita Sanierungsgebiet Klausener Platz', 'Kita Sanierungsgebiet Klausener Platz', 'Kita - Gemeinnütziger Charlottenburger Kinderladen', 'Heinrich-Zille-Kita', 'Die wilden 25', 'Kita Kindheitstraum']"
04300414,Schloßstraße,7.0,"['Kita Schloßstraße', 'Kita Haubachstraße des Pestalozzi-Fröbel-Hauses', 'EKT - Las Abejitas', 'Kita Kaiser-Friedrich-Straße', 'Las Abejitas', 'EKT Die wilden 25', 'Kita Luftschloss']"
04300415,Lietzensee,7.0,"['Kita Lietzenburg', 'Ev. Kita Lietzensee', 'EKT - Mappagei', 'Kinderladen Lietzenseesterne', 'Kinderladen Umme Ecke', 'Kita Wundtstraße', 'Kita Sozialwerk der Jüdischen Gemeinde']"
04300416,Amtsgerichtsplatz,15.0,"['Kinder-und Familienzentrum Schillerstraße des Pestalozzi-Fröbel-Hauses', 'Kita der Kath. Kirchengem. St. Canisius', 'EKT - Kinderladen - was sonst', 'Kindertagesstätte Pumuckel I', 'EKT - Flitzpiepen', 'Kinderladen ""Geierbande""', 'EKT - Rönne', 'EKT - Firlefanz', 'EKT Ingrids Kindergarten', 'Kindertagesstätte Pumuckel', 'EKT - Kulturküken', 'Kindertagesstätte Pumuckel II', 'EKT Coquelicot', 'Kita Canicas', 'Kita Bunte Blätter']"
04300517,Tegeler Weg,9.0,"['Kita Olbersstraße des Pestalozzi-Fröbel-Hauses', 'Ev. Kita Gustav-Adolf', 'EKT - Kita Theo-Tintenklecks', 'EKT - Regenbogen-Kidz', 'Cheburashka-Charlottenburg', 'Kita Burgrudel', 'Kükenbande 2', 'Kita Platane', 'Kita Kleine Weltkinder']"
04300518,Kaiserin-Augusta-Allee,8.0,"['Kita Nordhauser Straße', 'EKT - Gesellschaft f.intern.Kultur- u.Bildungsarbeit', 'Kita Remmi-Demmi', 'Kita bewegte Kinder', 'Internationaler Kindergarten Multi Lingua', 'Kita Charlottenburger Teddys', 'Kita Kaiserin-Augusta-Allee 88 a', 'Kita Multilingua Ilsenburger Str.']"
04300619,Alt-Lietzow,10.0,"['Kita Teresa Tauscher', 'EiKiTa Pünktchen', 'EKT Pezzettino', 'EKT Galvanistr. 14', 'Kita Galvanistraße', 'EKT - Kindergarten am Schloß Charlottenburg', 'EKT - Kindergarten am Schloß Charlottenburg', 'Kita Warburgzeile', 'EKT - Kindergarten am Schloß Charlottenburg', 'Kindergarten am Schloß Charlottenburg']"
04300620,Spreestadt,3.0,"['Evangelische Kita St. Ursula', 'Kita Villa Luna Berlin', 'Kita Aurorafalter']"
04300621,Richard-Wagner-Straße,11.0,"['Kita Richard-Wagner-Straße', 'Ev. Kita Luisen', 'EKT - Karamell', 'EKT - Sonnenkinder', 'Kita Fridolin Kirschkern', 'EKT EL Carrusel', 'Die Zauberflöten - Kita an der Deutschen Oper', 'Kita Schlumpfenburg', 'Die Zauberworte - Kita für bewegte Sprache an der Deutschen Oper', 'Kita Schlumpfhausen', 'Kita Tulpe']"
04300622,Ernst-Reuter-Platz,2.0,"['Kita an der TU Berlin', 'Kindergarten Wunderinsel']"
04300623,Karl-August-Platz,7.0,"['Kita Pestalozzistraße des Pestalozzi-Fröbel-Hauses', 'Ev. Kita Trinitatis', 'Kinderladen Purzelbaum', 'EKT - Wusel', 'Kita Came-Bridge', 'Kita Came-Bridge II', 'Spielhaus Schillerstraße (nur Sprachförderung)']"
04300624,Savignyplatz,5.0,"['Kita Goethestraße', 'EKT - Kinderladen 1 Goethestraße (EG rechts)', 'EKT - Yoyo', 'EKT - Kinderladen Goethestraße (EG links)', 'Kita Pestalozzistraße']"
04400725,Güterbahnhof Grunewald,,
04400726,Bismarckallee,3.0,"['Ev. Kita Grunewald', 'Kita der Jüdischen Gemeinde zu Berlin', 'Kita Joh. Sozialwerk']"
04400727,Flinsberger Platz,5.0,"['Ev. Kita Kreuz', 'Kita Orber Straße', 'Bilby Garden - Internationaler Kindergarten', 'Kita Glücksweg', 'Kita Wirbelwind']"
04400728,Hagenplatz,3.0,"['Kath. Kita St. Karl Borromäus', 'EKG - Grunewald', 'EKT - Kindergruppe Hasensprung']"
04400729,Hundekehle,1.0,['Waldkita Fila']
04400830,Forckenbeckstraße,3.0,"['Kita auf 4 Pfoten', 'Glückspfad', 'Kita Forckenbeck']"
04400831,Messelpark,1.0,['Kita Schatzinsel']
04400832,Breite Straße,4.0,"['Ev. Kita Alt-Schmargendorf', 'EKT Pünktchen und Anton', 'Kant-Kindergarten Lentzeallee 8 - 14', 'Kita Cunostraße']"
04400833,Schlangenbader Straße,2.0,"['EKT - Kissi', 'Kita Verein für berufsorientierte Kinderbetreuung']"
04400834,Binger Straße,3.0,"['Kita der Ev. Kirchengemeinde Linden', 'EKT - Kinderhaus Binger Straße', 'Kindergarten HI. Nikolaus']"
04400835,Rüdesheimer Platz,5.0,"['EKT Spreepferdchen', 'Kita Siegburger Straße', 'Kita der Ev. Kirchengem. Vaterunser', 'Kita Homburger Straße', 'Montessori Kinderhaus im IBZ']"
04500936,Droysenstraße,3.0,"['EKT - Droysen-Mäuse', 'Kita WHITE COCKATOO - Internationaler Kindergarten', 'Kita Sahne-Teufel']"
04500937,Halensee,2.0,"['EKT - Wir um vier', 'Kita Papillon Rouge']"
04500938,Hochmeisterplatz,13.0,"['Kita St. Albertus Magnus/Kath. Kirchengem. St. Ludwig', 'Waldorfkindergarten TOMTE', 'Kita Beerenkinder', 'ABC-Kindergarten Birgit Döbler', 'Wallaby Kinderbetreuung', 'Kookaburra Kinderbetreuung', ""Kita L'oiseau bleu"", 'KangarooGarden - Internationaler Kindergarten', 'Kita Mi Nido - Mein Nest', 'Kita Kleine Küken', 'MULTI LINGUA Seesener Str. 46', 'Kita ZwergNasen', 'Multi Lingua Seesener Str. 44']"
04500939,Eisenzahnstraße,7.0,"['Ev. Kita Daniel', 'Kita Halensee', 'Waldorfkindergarten Wilmersdorf e.V.', 'Internationaler Kindergarten', 'Kita Westfälische Straße', 'Gan Israel II Little Gems', 'Vorschulische Sprachförderung im Jugend- und Kulturzentrum Spirale (nur Sprachförderung)']"
04501040,Hindemithplatz,,
04501041,George-Grosz-Platz,6.0,"['Kita Walter-Benjamin-Platz', 'Kita Schlüterstraße', 'Kindergarten Schlumpfenland e.V.', 'Kita el caracol bilingualer Kindergarten spanisch/deutsch', 'Kenntnisreich Kindertagesstätte', 'Kenntnisreich Kindertagesstätte Razom']"
04501042,Breitscheidplatz,2.0,"['Kita Masorti I', 'Masorti II']"
04501043,Preußenpark,2.0,"['Kita el caracol bilingualer Kindergarten spanisch/deutsch', 'Kita Düsseldorfer Straße']"
04501044,Ludwigkirchplatz,4.0,"['Kita der Kath. Kirchengem. St. Ludwig', 'Kinderladen Phönix', 'Kita el caracol bilingualer Kindergarten spanisch/deutsch', 'Deutsch-Englischer Kindergarten Lilolei']"
04501045,Schaperstraße,4.0,"['Ev. Kita Kaiser-Wilhelm-Gedächtnis', 'EKT - Finowkids', 'Nezabudki', 'Bärenbande']"
04501146,Barstraße,3.0,"['EKT - Maikäfer (Gartenhaus)', 'Kita Kaubstraße', 'Kita Kleine Küken II']"
04501147,Leon-Jessel-Platz,8.0,"['EKT - Donnerbagger', 'EKT - Kiga für musische und sprachliche Erziehung', 'EKT Dreckspatzen', 'EKT Manimatschi', 'Kita Eulenspiegel - Mittelhof e.V.', 'Kita Raduga', 'Kita Raduga Pfalzburger Straße', 'Kita mima']"
04501148,Brabanter Platz,3.0,"['EKT - Kleine Panther', 'Kita AUFGEPASST', 'Kita Blissestraße']"
04501149,Nikolsburger Platz,9.0,"['EKT Narrenfreiheit', 'Kita Aventura Nikolsburg', 'EKT - Trolle', 'Kita der Schwedischen Victoriagemeinde', 'EKT ""Kajtek"" - Verein zur Förderung polnischer Sprache', 'Kita Ourania', 'Kita Trautenaustraße', 'Kita Aventureros', 'EKT Sankofa']"
04501150,Wilhelmsaue,6.0,"['Kita Wilhelmsaue', 'Ev. Kita Auen', 'EKT Wilde Hummeln', 'Kita el caracol bilingualer Kindergarten spanisch/deutsch', 'EKT Kinderland', 'Kita Asilo Italiano']"
04501151,Hildegardstraße,13.0,"['Kita Livländische Straße', 'Kindertagesstätte Heilig Kreuz', 'EKT - Chiquitita', 'EKT - Wilde Hilde', 'Montessori Kinderhaus Kipsi', 'Kinderladen Mainzelmännchen', 'EKT - Waldorfkindergarten Rosenhof', 'EKT - Paul und Klärchen', 'EKT - Die Lauser', 'EKT - Arche Noah', 'EKT Hildegarten', 'Kita AUFGEPASST', 'Kindergarten Schlumpfenland 2']"
04501152,Prager Platz,9.0,"['Kita Prager Straße', 'EKT Prinz Güntzel', 'Kita Prinzregentenstraße', 'Kant-Kindergarten Bundesallee 186/187', 'Kindergarten Lila Prinzregent', 'Kita Rasselbande', 'Mini Aventura', 'Aventura Motzstr.', 'Aventureros Nachodstraße']"
04501153,Babelsberger Straße,10.0,"['EKT Wexstr.', 'EIKITA Felix', 'EKT Girasole', 'EKT Land in Sicht', 'Kita Piccolino', 'Kita Ourania', 'EKT Kinder - Land in Sicht', 'Kita Tübinger Straße', 'Kita Kinderkiez', 'Kleiner Freudberg']"
05100101,Hakenfelde Nord,6.0,"['Kita am Wald', 'Kita Wichernstraße', 'Kita Wichern 1', 'Kita Ev. Johannesstift', 'Kita Wichern 2', 'Kita Zu den Fichtewiesen']"
05100102,Am Forstacker,,
05100103,Mertensstraße,2.0,"['Gerda und Rolf Schopf Kindertagesstätte', 'Kita der kleinen Knöpfchen']"
05100104,Maselake,3.0,"['Kita Havelpiraten', 'Kita Am Maselakepark', 'Kita Rauchstr. 17']"
05100105,Amorbacher Weg,3.0,"['Waldfüchse Spandau', 'Das Haus der kleinen Freunde', 'Kita Elfenbein Hakenfelde']"
05100206,Griesingerstraße,1.0,['Kita Griesinger Waldfüssler']
05100207,An der Tränke,,
05100208,Im Spektefeld,8.0,"['Humanistische Kita Wasserwerkstraße', 'Kita Drachenburg', 'Kita der Kath. Kirchengem. St. Markus', 'Kita Paul-Gerhard', 'Immanuel-Kita', 'Kita Kiesteich-Surfer', 'Kita Nusshütte Am Bogen', 'Kita Eulennest']"
05100209,Westerwaldstraße,4.0,"['Kita und Familienzentrum Fantasia', 'Kita Schatzkiste', 'Kita der kleinen Kreativen Spandau', 'Kita Samariter']"
05100210,Germersheimer Platz,3.0,"['Kita Buddelkiste', 'Kita Kinderarche Berlin', 'Kita Grasfinken']"
05100211,An der Kappe,6.0,"['Kita am Spektesee', 'Kita Klosterfelde', 'Kita Remscheider Straße', 'Kita Blumengarten', 'Seegefelder Str. 116 (nur Sprachförderung)', 'Kita Kleine Feldmäuse']"
05100312,Eckschanze,,
05100313,Eiswerder,2.0,"['AWO-Kita Wundertüte', 'Kita Kinder in Bewegung (KiB)']"
05100314,Kurstraße,7.0,"['Kita Villa Purzelbaum', 'EKT - Kinderhaus Gruberzeile', 'EKT Oscar', 'Kita Oranienburger Tor', 'EKT - Dreiecke und Kreise', 'EKT - Oscar', 'Kita Lasiuszeile']"
05100315,Ackerstraße,6.0,"['AWO-Kita Sternschnuppe', 'Kita Blumenstraße', 'Kita Ackerstrasse', 'EKT Spreebande', 'Josua Gemeinde e.V. (nur Sprachförderung)', 'Kita Feldmäuse']"
05100316,Carl-Schurz-Straße,8.0,"['Kita Münsingerstraße', 'St. Nikolai - Kita Behnitz', 'Kita der Kath. Kirchengem. St. Marien', 'Kita Vogelnest', 'Kleiner Fratz', 'Kita Wiesenpieper', 'Kita ""Lummerland""', 'Kita Paradiesvögel-Pinguine']"
05100317,Freiheit,3.0,"['Schüler- und Kinderladen Spandau', 'St. Nikolai - Kita Petrus', 'Kita Schatztruhe']"
05200418,Isenburger Weg,,
05200419,Am Heideberg,2.0,"['Kita St.-Gartenstadt', 'EKT - Spandauer Schwalbennest']"
05200420,Staakener Straße,3.0,"['EKT - Die Seeburg', 'Kita Kids R Kids Haus Spandau', 'Sprachförderung für Vorschulkinder (nur Sprachförderung)']"
05200421,Spandauer Straße,2.0,"['Kita Arche Noah', 'Kita Zauberschiff']"
05200422,Werkstraße,3.0,"['AWO-Kita Feldhäuschen', 'Kita Kneipp-Verein', ""Jona's Haus (nur Sprachförderung)""]"
05200423,Magistratsweg,2.0,"['AWO-Kita Zwergenwinkel', 'Kita Spürnasen']"
05200524,Döberitzer Weg,2.0,"['Kita Wiesenweg', 'Kita Heerstraße']"
05200525,Pillnitzer Weg,3.0,"['Kita Freinet-Haus Entdeckerland', 'Kita Tausendfühler', 'Little Kiwis - Internationaler Kindergarten']"
05200526,Rudolf-Wissell-Großsiedlung,1.0,['Humanistische Kita Pillnitzer Weg']
05200527,Maulbeerallee,7.0,"['Kita Seeburger Weg', 'Kita Wunderblume', 'Kita StaakenBär', 'Kita Regenbogen', 'Kita - Spielhaus', 'Kita Kinderparadies Spandau', 'Kita Wilhelmstadt']"
05200528,Weinmeisterhornweg,2.0,"['Kita Weinberg', 'Kita/Kinder in Bewegung (KiB)']"
05200629,Borkumer Straße,6.0,"['Kita Am Bullengraben', 'Klax Kindergarten Karlsson vom Dach', 'Die kleinen Piraten', 'Kita Kükenbande', 'Kita Kindervilla Spandau', 'Stadtteil-Kita Ziegelhof']"
05200630,Wilhelmstadt West,11.0,"['Kita Melanchthon', 'Kita Kindertreff', 'EKT Senfkornbande', 'EKT Traumzauberbaum', 'Kita Bananas', 'Krippe Melanchthon', 'Kita Pichelsdorfer Zwerge', 'Kita Silberflöte', 'Kita Mondstern', 'Kita Schatzkiste', 'Kita Piccola']"
05200631,Wilhelmstadt Ost,6.0,"['Kita Hoppetosse', 'EKT - Krowelstr.', 'EKT Weißenburger Str.', 'EKT Kleine Riesen', 'Kindertagesstätte der Freien Georgschule', 'Kita Nusshütte']"
05200632,Tiefwerder,1.0,['Gemeinschaftsunterkunft Am Oberhafen (nur Sprachförderung)']
05200633,Graetschelsteig,,
05200634,Börnicker Straße,4.0,"['Kita Wassergeister', 'Kita Havelnest', 'EKG Weinberg', 'Kita Kinderburg']"
05300735,Haveleck,2.0,"['Kita Haveleck', 'Kita Daumstraße']"
05300736,Zitadellenweg,3.0,"['Kita Lünette', 'Kita Tabaluga', 'Kita Villa Sprechspatzen']"
05300737,Gartenfelder Straße,6.0,"['Kita Weihnacht GR', 'Kita Weihnacht HD', 'Kita der Kath. Kirchengem. St. Joseph-Siemensstadt', 'Kita Elfenbein Haselhorst', 'Sprachfördergruppe Sprachfüchse II (nur Sprachförderung)', 'Kita Kleiner Fratz (Gartenfratz)']"
05300838,Gartenfeld,,
05300839,Rohrdamm,5.0,"['Kita im Grünen', 'EKT - Saatwinkler Küken', 'EKG Siemensstadt', 'Kindergarten Schlumpfenland 3', 'Siekids Bärchenbande']"
05300840,Nonnendammallee,1.0,['FRÖBEL Kindergarten Siemens Technopark']
05300841,Siemensdamm,3.0,"['CJD Kindertagesstätte ""Stubs und Fridolin""', 'Kita/Johanna-von-Siemens', 'Kinderladen Immerfrech']"
05400942,Alt-Gatow,8.0,"['Kita Biberburg', 'AWO-Kita Kladow', 'EKT Havelbande', 'Waldorfpädagogik Havelhöhe', 'Kita Gatow', 'EKT- Gatower Straße', 'Vierfelderhof Bauernhofkindergarten', 'Ev. Waldkita']"
05400943,Jägerallee,4.0,"['Kita Ritterfelddamm', 'AWO-Kita Landstadt Gatow', 'Kita Am Groß Glienicker See', 'Kita Rex-Waite-Straße']"
05400944,Kladower Damm,1.0,['EKG - Kladow']
05400945,Kafkastraße,3.0,"['EKT - Traumhaus Kladow', 'Kindertagesstätte der Caritas Mariä Himmelfahrt', 'EKT - Eichhörnchenbande']"
06100101,Fichtenberg,6.0,"['Kant-Kindergarten Grunewaldstraße 17', 'EKT - Zwergstatt', 'Kita Diakoniewerk der Ev.-Freikirchl. Gem. - Baptisten', 'EKT - Ringelbande', 'Kita John F.Kennedy Friendship Center', 'el caracol bilingualer Kindergarten']"
06100102,Schloßstraße,8.0,"['Kita Forststr. 40/Kitas Süd-West', 'Kath. Kindertagesstätte der Rosenkranz-Basilika', 'EKT - Ahörnchen', 'EKT - Papalagi', 'Kita Happy Kids (1. Einrichtung)', 'Kita Zaubermäuse', 'Kita Happy Kids', 'Kita Zauberzwerge']"
06100103,Markelstraße,5.0,"['Kita der Ev. Kirchengem. Patmos', 'EKT - Fliegenpilz', 'EKT - Steglitzer Eierpamper', 'Kita -Happy Kids', 'Happy Kids Kreuznacher Straße']"
06100204,Munsterdamm,4.0,"['Kita der Kath. Kirchengem. Johannes Evangelist', 'Kita - Bibbi Bär', 'Kita Tautropfen', 'Kita Blütezeit']"
06100205,Südende,4.0,"['Ev. Kindertagesstätte Südende', 'Kita der Ev. Kirchengem. Markus', 'Kita JuLi Kinder', 'Kita JuliKinder']"
06100206,Stadtpark,2.0,"['EKT - Pusteblume', 'Lemmis Kreativ-Kita']"
06100207,Mittelstraße,8.0,"['Kita Mittelstr. 6/Kitas Süd-West', 'Kita Filia Griechisch-deutsche Kindertagesstätte', 'Kita Oberlin der Ev. Kirchengem. Matthäus', 'EKT Ja Ja He und Co.', 'Kita Spatzenhaus', 'Kita Schützenstraße', 'EKT Kleine Zwergenparade', 'Cardelinas']"
06100208,Bergstraße,6.0,"['Kita Steinstr. 14/Kitas Süd-West', 'EKT - Kasymir', 'Kita Filandastr. 27/Kitas Süd-West', 'Montessori Kinderhaus Steglitz', 'Kita Blumenstadt', 'Kita Multitalent Heesestraße']"
06100209,Feuerbachstraße,4.0,"['Kita Jeverstraße', 'Kita der Ev. Kirchengem. Lukas', 'Krikelkrakel e.V.', 'Kita Fregestraße']"
06100210,Bismarckstraße,3.0,"['EKT - Rotkappe', 'EKT - Kulleberga', 'EKT - Kinderladen Zweitausendfüßler']"
06200311,Alt-Lankwitz,1.0,['Eltern-Kind-Gruppe']
06200312,Komponistenviertel Lankwitz,6.0,"['Kita der Kath. Kirchengem. St. Benedikt', 'Kita Villa Musica', 'Kita Dreikäse-Hoch (Wohneinheit links)', 'Kita Die Kobolde (Wohneinheit rechts)', 'Kita Starke Kinder', 'Kita Mary Poppinz I']"
06200313,Lankwitz Kirche,5.0,"['Kita der Ev. Kirchengem. Dreifaltigkeit', 'EKT - Lankwitzer Spielkiste', 'EKT Stadtpark Steglitz', 'Kita Zaubersterne', 'Kita Grashüpferchen']"
06200314,Kaiser-Wilhelm-Straße,8.0,"['Kita der Ev. Kirchengem. Dietrich-Bonhoeffer', 'Kita Ruthstr. 6/Kitas Süd-West', 'EKT Lankwitz', 'Kita Milchbartpiraten', 'hisa Kita Derfflingerstraße', 'Montessori-Kinderladen Mauersegler', 'Kita Benjamin Blume', 'Naturdetektive Kita Dessauer']"
06200315,Gallwitzallee,4.0,"['Spin-Kita 2', 'Kindertagesstätte der Caritas St. Monika', 'Kita Frobenstraße/Kitas Süd-West', 'Kita Beselerstraße']"
06200316,Belßstraße,3.0,"['Kita der Ev. Kirchengem. Paul-Schneider', 'Kita der Kath. Kirchengem. von der Auferstehung Christi', 'Kita Wedellstraße/Kitas Süd-West']"
06200317,Lankwitz Süd,2.0,"['Kita Sondershauser Straße', 'Kita Maltinis']"
06200418,Landweg,,
06200419,Thermometersiedlung,3.0,"['Kita Réaumurstr. 3/Kitas Süd-West', 'KiWi Kita Bühne', 'Kita Sternenlichter']"
06200420,Lichterfelde Süd,3.0,"['Kita Lindenhof/Ev. Kirchengem. Petrus-Giesensdorf', 'Humanistische Kita Lichterfelder Sonnengarten', 'Kita Undinchen']"
06200421,Königsberger Straße,5.0,"['Kita Morgensternstr. 26/Kitas Süd-West', 'Kindertagesstätte der Caritas St. Hildegard', 'Kita Schillerstraße', 'Kita Giesensdorfer Straße 11 - Lilli', 'SpIn Kita']"
06200422,Oberhofer Platz,3.0,"['Kita Petrusheim/Ev. Kirchengem. Petrus-Giesensdorf', 'EKT Die Maulwürfe', 'Kita Villa mima']"
06200423,Schütte-Lanz-Straße,5.0,"['Kita Lilienthal', 'Kita Lichterfelder Strolche', 'Kita am Fliegeberg', 'Kita Sonnenblume Saaleckplatz', 'Kita Scheelestraße 83']"
06300524,Berlepschstraße,1.0,['Kita Buschgraben']
06300525,Zehlendorf Süd,3.0,"['Kita der Ev. Kirchengem. Schönow-Buschgraben', 'Kita Breitensteinweg', 'Zehlendorfer Teddys Sachtlebenstr.']"
06300526,Zehlendorf Mitte,6.0,"['Kita Paulus', 'Kita Hohenzollernstr.', 'Kita Ahörnchen', 'Kita Königskinder', 'Kita Teltower Rübchen und Gänseblümchen', 'Kita ""Markgrafen""']"
06300527,Sundgauer Straße,5.0,"['Kita Brittendorfer Weg 16/Hs 1u.2/Kitas Süd-West', 'Kita Mörchinger Str. 41/Kitas Süd-West', 'Internationale Kita unter den Kastanien', 'Lummerland und Wilde 13', 'Gemeinschaftsunterkunft Dahlemer Weg (nur Sprachförderung)']"
06300528,Teltower Damm,8.0,"['Kita Teltower Damm 95/Kitas Süd-West', 'Evangelische Kita"" Zur Heimat""', 'Kindertagesstätte der Ev. Stephanus Kirchengemeinde', 'Kita der Kath. Kirchengem. Herz-Jesu', 'EKT - Kinderhaus Schönow', 'Kindergarten Emil Molt', 'Kita Clarino', 'Zehlendorfer Teddys']"
06300629,Botanischer Garten,5.0,"['Kita Wunderwelt', 'Kita Unter den Eichen 129a/Kitas Süd-West', 'Kita Sausewind', 'Kita Unter den Eichen', 'Die kleinen Grünschnäbel III']"
06300630,Hindenburgdamm,6.0,"['Kita An der Bäke/Kitas Süd-West', 'FRÖBEL Kindergarten Zwergenwiese', 'EKT Pippifax', 'Kita Schlosskobolde', 'Klax Krippe Spatzennest und Klax Kindergarten Tinkerbell', 'Kinder in Lichterfelde']"
06300631,Goerzwerke,1.0,['Kita Cooperative Mensch eG']
06300632,Schweizer Viertel,6.0,"['Kita Mc Nair', 'PHORMinis Berlin Süd', 'Kita der Johann-Sebastian-Bach Kirchengemeinde', 'Kita Baseler Strasse', 'Kita Sonnenstrahl', 'Kita Loftschloss']"
06300633,Augustaplatz,12.0,"['FRÖBEL Kindergarten Augustastrolche', 'Kita d.Ev.Kirchengem.Paulus/Haus vorn rechts', 'Kita der Evangelische Paulus-Kirchengemeinde', 'Kita St. Annen/Kath. Kirchengem. Heilige Familie', 'EKT - Steglitzer Kinderkreisel', 'Kita Manteuffelstr. 11/Kitas Süd-West', 'EKT - Blumenladen', 'EKT - Rotz und Trotz', 'Kita Berliner Sterne', 'Kita Nannys Place', 'el caracol - bilingualer Kindergarten', 'Noctiluca']"
06300634,Lichterfelde West,4.0,"['Kita der Ev. Kirchengem. Johannes', 'Kita Potsdamer Schlößchen', 'EKT Langzeit', 'Kita Mary Poppinz II']"
06400735,Wannsee,8.0,"['Kita Alsenstr. 16/Kitas Süd-West', 'EKT - Stolper Kinderhaus', 'EKT Wannsee - Kinderhaus Murmelente', 'EKT Verein Eika Bruja', 'Kita der Ev. Kirchengemeinde Wannsee', 'Waldkindergarten am Löwen', 'Kita am Jägerhof', 'Montessori Kinderhaus Wannsee']"
06400736,Düppel,4.0,"['Kita Zentrum am Kleeblatt (ZaK)', 'Kita Kasimir', 'EKT Zwölf Knirpse', 'Montessori-Kinderhaus Lissabonallee']"
06400737,Nikolassee,6.0,"['Kita der Ev. Kirchengem. Nikolassee', 'Kita der Kath. Kirchengem. Zu den hl. Zwölf Aposteln', 'EKT Schlachtensee', 'Kita Kaiserstuhl', 'Kita Lucky Kids', 'EKT Giardino dei Bambini']"
06400838,Krumme Lanke,1.0,['Ev. Kita Schlachtensee']
06400839,Fischerhüttenstraße,5.0,"['Kita Wilskistraße/Kitas Süd-West', 'Waldorf-Kindergarten Zehlendorf', 'Kita Kiddies Nature', 'Kita adagio', 'Berliner Sterne 2']"
06400840,Fischtal,5.0,"['Kita der Evangelischen Emmaus- Kirchengemeinde', 'EKT Onkel-Toms-Hütte', 'Kinderhaus Waldfriede', 'Kiddies Daycare', 'Kiddies Dayschool']"
06400841,Zehlendorf Eiche,3.0,"['Kath.Kindertagesstätte St. Josefshaus', 'Kita Ev. Luth. St.Marien-Gem.', 'Klax Kindergarten Wellenkids']"
06400842,Hüttenweg,5.0,"['Kita Montessori Preschool', 'Kita Flanaganstr. 45/Kitas Süd-West', 'Kinderhaus Tom-Sawyer', 'Kiddies International', 'Kiddies International II']"
06400843,Thielallee,3.0,"['Kita der Ev. Kirchengem. Dahlem', 'Kinderbetreuung Lützelsteiner Weg', 'Villa Papillon']"
06400844,Dahlem,6.0,"['Kita an der FU Berlin', 'Kita der Ev. Kirchengem. Dahlem', 'EKT - Montessori-Gemeinschaftshaus', 'Kita Niemöllerhaus', 'Kindergarten der Rudolf-Steiner-Schule', 'Kenntnisreich Kita am Grunewald']"
07100101,Wittenbergplatz,9.0,"['Kindertagesstätte Viktoria-Luise-Platz', 'EKT - Knuddelmuddel', 'EKT - Abrakadabra', 'Kita Dachsbau', 'Kita Fuggerstaße', 'BOOT-Kita Augsburg', ""EKT L' Angolino"", 'Kinderladen Zauberhaus', 'Kinderladen Zauberhaus']"
07100102,Kalckreuthstraße,4.0,"['Kita der Kath. Kirchengem. St. Matthias', 'Kinder- und Schülerladen Manno', 'Kita Motzstr. 33/Kitas Süd-West', 'Kenntnisreich Kindertagesstätte No 31']"
07100103,Frobenstraße,4.0,"['Kita Haus der Kinder', 'Kita im Palasseum', 'Kita Pallasseum', 'Kita MITRA']"
07100204,Barbarossaplatz,9.0,"['Kita Frankenstraße', 'Kita Barbarossastraße des Pestalozzi-Fröbel-Hauses', 'EKT Feuerkäfer', 'EKT Konfetti', 'Trolle Schöneberg', 'EKT - Frechdachs', 'Kita Karl-Schrader-Straße', 'Wunderkids Schöneberg', 'Kita am Kleistpark']"
07100205,Alvenslebenstraße,2.0,"['Kita Bülowstraße', 'EKT - Bülowstr.']"
07100206,Großgörschenstraße,7.0,"['Kita Hochkirchstraße', 'Kita Neue Steinmetzstraße', 'Ev. Kita Silas', 'EKT - Murkel', 'Kita Goebenstraße 8', 'Kita am Gleis', 'Schöneberger Zwerge']"
07200307,Bayerischer Platz,3.0,"['Kita Rosenheimer Straße', 'EKT - Amtomokarasachmo', 'Kita Die Kunstmäuse']"
07200308,Volkspark (Rudolph-Wilde-Park),9.0,"['Kita am Park', 'Kita Freiherr-vom-Stein-Straße', 'Kita an der HWR Berlin', 'Europa-Kindergarten Max und Moritz', 'Kita Wilde 13', 'EKT - Amsel', 'EKT Onnimanni', 'Kita Ebersstraße', 'Kinderladen Zauberhaus']"
07200409,Belziger Straße,13.0,"['Kita am Lassenpark/Kitas Süd-West', 'Kita Vorbergstraße', 'Kita Belziger Straße des Pestalozzi-Fröbel-Hauses', 'Ev. Kindertagesstätte Alt-Schöneberg', 'Ev. Kita Apostel-Paulus', 'Kita der Kath. Kirchengem. St. Norbert', 'Ei-Kita Humpty Dumpty', 'EKT Nusskasper', 'EKT Kleine Ungeheuer', 'EKT Affentheater', 'Kindergarten Purzelbaum', 'Kita Löwenzahn', 'Naturdetektive Kita Belziger']"
07200410,Feurigstraße,6.0,"['Kita Ebersstr. 19/Kitas Süd-West', 'EKT Zappzarapp', 'Kinderladen Stadtmäuse', 'EKT - Rübezahl', 'Kita Rosen', 'Kinderladen Elefanten']"
07200411,Julius-Leber-Brücke,1.0,['Kita Crellestraße/Kitas Süd-West']
07200412,Schöneberger Linse,2.0,"['Kita ""Kleine Wikinger""', 'Kita Ella-Barowsky-Str.']"
07200413,Cheruskerstraße,9.0,"['BOOT-Kita Sonneninsel', 'Ev. Kita Königin-Luise', 'EKT - Die Meckerbeine', 'EKT - Brei nach Neun', 'EKT - Lilo Leopard', 'Kita Gustav-Müller-Platz 2', 'EKT - Kindergruppe Bunte Knospe', 'Kita Rosas Turm', 'Kita Inselläden-Inselkinder']"
07200414,Hohenfriedbergstraße,9.0,"['Kita der Kath. Kirchengem. St. Elisabeth', 'EKT - Verein zur Förderung vorschulischer Erziehung', 'Kinderladen Pusteblume', 'Kick Kinder- und Schülerladen', 'Kita Weltbestauner', 'Kita Little Wombat', 'Kita Tulpen', 'Kindergarten der Johannes-Schule Berlin', 'LOK 18']"
07300515,Taunusstraße,3.0,"['Kita Fehlerstraße/Kitas Süd-West', 'EKT - Berliner Malbüro', 'Kinderladen Atze und Co']"
07300516,Odenwaldstraße,8.0,"['Kita Rheingaustraße des Pestalozzi-Fröbel-Hauses', 'Kita Paul und Anna/Ev. Kg Zum Guten Hirten', 'EKT - Milchzahn', 'EKT - Kraut und Rüben', 'EKT - Rappelschlößchen', 'Bilinguales Montessori-Kinderhaus Friedenau', 'Kita Rubin', 'Kita El Mundo de los ninos']"
07300517,Perelsplatz,16.0,"['Kita Fri-Willi/Kitas Süd-West', 'Kita Perelsplatz des Pestalozzi-Fröbel-Hauses', 'Kita Philippus/ Ev. Kirchengem. Philippus-Nathanael', 'Kita Villa Anna-Vorschule-', 'Waldorfkindergarten Friedenau', 'EKT Hauruck', 'Kinderladen Mäusebande', 'EKT Sieglinde', 'Kita Lauterstr. 30', 'Kita Villa Anna', 'Waldorfkindergarten Elfenreigen', 'Kita Berliner Spatzen Verein zur Förderung der Mehrsprachigkeit', 'Kinderladen mima', 'FBO Friedenau (FBO)', 'Kita ""Knorke""', 'Lori Kids - Internationaler Musikbetonter Kindergarten']"
07300618,Ceciliengärten,12.0,"['Humanistische Kita Friedenauer Strolche', 'Kita Fregestr.', 'Kita Sponholzstraße', 'EKT - Trotzköpfchen', 'Kita Hedwigstr.', 'Heilsarmee Kita Volltreffer', 'Kita Villa Anna -Krippe-', 'Kita Wielandstraße', 'Krippe Holsteinische Straße', 'Kinderladen ""Friedenauer Spatzen""', 'Kindertagesstätte Die Traumfänger', 'Naturdetektive Kita Cecilien']"
07300619,Grazer Platz,8.0,"['Kita Prellerweg/Kitas Süd-West', 'IB-Kita, Internationaler Bund', 'Kita Nathanael/ Ev. Kirchengem. Philippus-Nathanael', 'Kita der Kath. Kirchengem. St. Norbert', 'EKT Großstadtpflänzchen', ""EKT Harrys Kid's Club"", 'EKT - Friedenauer Elterninitiative', 'Kita Riemenschneiderweg']"
07400720,Gontermannstraße,8.0,"['Ev. Kita Paulus II.', 'Kita MaRiS', 'Kita Der Theaterkindergarten', 'Theaterkindergarten', 'EKT Inselreich', 'Kenntnisreich Kindertagesstätte BP 26', 'EKT Al Naml - Die Ameisen', 'Kitabär']"
07400721,Paradestraße,4.0,"['Kita Boelckestraße', 'Kita der Kath. Kirchengemeinde', 'EKT - BuDdelKiste', 'Kenntnisreich Kindertagesstätten TD 100']"
07400822,Lindenhofsiedlung,3.0,"['Kita Lindenhof', 'EKT - Wilde Tiger e.V.', 'Kita Alboingärten']"
07400823,Wittekindstraße,5.0,"['EKT - Kinderspielkreis Alboinplatz', 'Kindertagesstätte Mojak', 'EKT - Märchenwald/Ver.z.Errichtg u.Betreibg v.EKTs e.V.', 'Kita Dino Bambino', 'Mojak mini']"
07400824,Bosepark,7.0,"['Kita Bosestr. 12/Kitas Süd-West', 'Ev. Kita Alt-Tempelhof', 'Kita Regenbogen', 'Kinderladen Leotie', 'Kita Maulwurf', 'Kita Chumani - IKT Stadtindianer', 'Kita Kleine Insel Tempelhof']"
07400825,Friedrich-Karl-Straße,15.0,"['EKT - Villa Wackelzahn', 'EKT - Zwergenland', 'Kindertagesstätte Tiponi', 'Kindergarten Krabbelkäfer', 'Kita Igelschnecken-Schneckenhaus', 'Kita Villa Wackelzahn', 'Kita Tiva', 'Kita Zwergenland', 'Kita Gulliver', 'R.E.H - K.I.D.S', 'Kita Tiponi II', 'Kindertagesstätte Notenzwerge Tempelhof', 'Kita Rappelkiste', 'Kita-Entdeckerbande', 'Kita Begonia']"
07400826,Marienhöhe,2.0,"['Kita Marienhöher Weg 10/Kitas Süd-West', 'Kita Junikäfer']"
07400927,Rathaus Tempelhof,8.0,"['Kita Ringbahnstr. 47/Kitas Süd-West', 'Ev. Kita Paulus I.', 'Kita der Kath. Kirchengem. Herz Jesu', 'EKT - Schmunzelmonster', 'EKT - Sonnengarten', 'Kita Arielle 3', 'Kita Wunderkids Tempelhof', 'Colditzstraße Kinderwelten (FBO)']"
07400928,Germaniagarten,2.0,"['Kita Schwanheimer Str. 1-7/Kitas Süd-West', 'Kita Paradiesvögel']"
07501029,Ringstraße,5.0,"['Kita Seelbuschring 19/Kitas Süd-West', 'Kita der Ev. Kirchengem. Berlin-Mariendorf', 'EKT - Kinderladeninitiative Tempelhof', 'Kita Global Village', 'Kita Marlenchen']"
07501030,Machonstraße,6.0,"['Kita Rathausstr. 84/Kitas Süd-West', 'Kita der Kath. Kirchengem. Maria Frieden', 'Kinderladen Marienkäfer', 'Kita Lillebror', 'Kindertagesstätte Schlösschen', 'Kita Wunschkinder']"
07501031,Eisenacher Straße,3.0,"['Kita Mariendorfer Damm 123/Kitas Süd-West', 'Kita Am Volkspark/Kitas Süd-West', 'Kinderladen Pimpanella']"
07501032,Imbrosweg,3.0,"['Kita der Ev. Kirchengem. Mariendorf -Ost', 'Kita Robinson Crusoe', 'Kita Marmaraweg']"
07501133,Fritz-Werner-Straße,7.0,"['BOOT-Kita Fritz-Werner', 'EKT Mücke', 'IKARUS Grundschule (nur Sprachförderung)', 'Kichererbsen', 'Kindertagesstätte Großbeerenstr. 34-40 (FBO)', 'Kita Pretty World Friedenstraße', 'Benjamin Blume Mariendorf']"
07501134,Hundsteinweg,4.0,"['Kita Albulaweg 15/19/Kitas Süd-West', 'Klax Krippe Kieselstein und Klax Kindergarten Zauberstein', 'Kita Juniorplaneten', 'Kita StarKids Mariendorf']"
07501135,Birnhornweg,2.0,"['Kita der Ev. Kirchengem. Berlin Mariendorf-Süd', 'Kita Grashüpferchen II']"
07601236,Marienfelder Allee Nordwest,8.0,"['Kita Stegerwald', 'Kita St. Alfons', 'Kita der Kath. Kirchengem. Vom Guten Hirten', 'EKT Spatzennest', 'Kita Kleckerbande', 'Kita Kinder in Marienfelde', 'hisa Kita Malteserstraße', 'Naturdetektive Kita Marienfelder']"
07601237,Kirchstraße,4.0,"['Kita Domagkstr. 4/Kitas Süd-West', 'Ev. Dreikönigs Kita', 'Kita Krümel-Club', 'Kindertagesstätte Marienfelder Kiezhopser']"
07601238,Marienfelde Nordost,1.0,['Kita Sternchen Werk Berlin']
07601339,Tirschenreuther Ring West,2.0,"['EKT Marienfelde', 'Kita Grashüpferchen III']"
07601340,Tirschenreuther Ring Ost,6.0,"['Kita Vier Jahreszeiten des NUSZ', 'EKT Jungadler', 'Ev. Dorotheen Kita', 'Kita Drachenburg', 'Marienfelder GS (nur Sprachförderung)', 'Kückenbande']"
07601341,Diedersdorfer Weg,3.0,"['Kita Marienfelder Käfer', 'Kinderwelt', 'Kita Kinder Wunderland']"
07601442,Kettinger Straße,5.0,"['EKT - Lichtenrader Dreckspatzen', 'Kita Abenteuerland', 'Ev.Teilzeit-Kita im Rackebüller Weg', 'Kita Mary Poppinz', 'Kita Happyloca']"
07601443,Töpchiner Weg,9.0,"['BOOT-Kita Traumburg', 'Kindergarten Muna', 'Kita Griembergweg', 'Waldorfkindergarten Goldwurzel', 'Kita Sonnenblume', 'Kita Töpchiner Weg', 'Schlösschen Süd', 'Kita Sonnenblume', 'Kita Benjamin Blume Lichtenrade']"
07601544,John-Locke-Straße,5.0,"['Kita Finchleystraße', 'Die Kindergärtnerei', 'EKT Mini-Kids-Salvator', 'Kita Hauptstadtzwerge', 'Kita Steinchen']"
07601545,Nahariyastraße,10.0,"['Kita Nahariyastr. 21/Kitas Süd-West', 'Kita der Ev. Kirchengem. Lichtenrade', 'Kita-Verein Lichtenrade Ost - Groß-Ziethener-Str. 82', 'EKT - Kita-Verein Lichtenrade Ost', 'EKT - Kita-Verein Lichtenrade Ost - Groß-Ziethener-Str. 96', 'EKT - Kita-Verein Lichtenrade Ost - Nahariyastr. 45', 'Kita Feuerwache', 'EKT - Pillepoppen', 'Cheburashka-Tempelhof', 'Kita Frühlicht']"
07601546,Franziusweg,2.0,"['Kita Haus Salem/Kitas Süd-West', 'Kita Blohmstraße']"
07601547,Horstwalder Straße,3.0,"['Ev. Teilzeit-Kita Goltzstraße', 'Kinderladen Zwergenkiste', 'Kinderhaus Kirchhainer Damm (FBO)']"
07601548,Wittelsbacherstraße,1.0,['hisa Kita Kirchhainer Damm']
08100101,Hasenheide,8.0,"['EKT -Kwetu', 'EKT - Ringelsöckchen', 'EKT - Kleine Erdenwesen', 'Kinderladen Die kleinen Kivis', 'Kita Lucy-Lameck-Straße 33 / Kitas SüdOst', 'EKT - 1001 Nacht', 'Kita Kiezkinder', 'Löffelohr']"
08100102,Schillerpromenade Nord,8.0,"['Kita Lernen & Lachen', 'Kinderladen an der Hasenheide', 'Die Kinkies', 'EKT Hasenreiter', 'EKT - Neuzeitlich-christliche Initiative', 'Kita Salam-Frieden', 'Kita Mahlower Straße 23', 'Kita Füchse']"
08100103,Schillerpromenade Süd,9.0,"['EKT - Mafalda', 'Kita Genezareth', 'Kita Hand in Hand - El Ele', 'EKT - Kita Karlsgartenstraße', 'Kleiner Fratz', 'Kita Santa Maria', 'Kita Columbus', 'Kita Timbales', 'Kita Sonnenkönig']"
08100104,Wartheplatz,9.0,"['EKT - ""Pumuckel"" Verein z.Errichtung u.Betreibung v.EKT\'s e.V.', 'Kita Emser Str. 81-82/Kitas SüdOst', 'Kita Berliner Spatzen', 'Kita Warthestraße', 'Kita Salam-Frieden', 'Kita Nägel und Köpfe', 'Kita Horizon', 'Kita Kolibri', 'Kita Wiedehopf']"
08100105,Silbersteinstraße,5.0,"['Kita Silbersteinstr. 121/Kitas SüdOst', 'Kita Mariendorfer Weg 8/Kitas SüdOst', 'Kita Focus FAMILIE', 'Kita Tommelise', 'Malteser Hilfsdienst']"
08100206,Flughafenstraße,7.0,"['Kinderladen Hobi', 'Kinderladen Lach und Krach', 'Kita Reuterstr.', 'Kita Schneeflöckchen', 'Kita ""Früchte der Kulturen""', 'Kita Sonnenschein', 'Frühlicht 2']"
08100207,Rollberg,7.0,"['Kita Bornsdorfer Str. 37b/Kitas SüdOst', 'Humanistische Kita Bornsdorfer Straße', 'Kita Mini-Mix-International', 'Kita der Kath. Kirchengem. St. Clara', 'Kita Kinderparadies Neukölln', 'Kita Die drei Affen', 'Kita Kopfstraße']"
08100208,Körnerpark,15.0,"['Waldorfkindergarten ""Lindenbaum""', 'Kita Nachbarschaftsheim Neukölln', 'EKT - Babbelgamm', 'Kita ""Die Schlümpfe""', 'EKT - Verein z. Förderg multikult. Generation', 'Kindertagesstätte Helin', 'EKT - Altenbraker Kinderladen - Altenbraker Str. 10', 'Kita Prinz Rose', 'Kita Kunti Bunti', 'Elif und Emil II', 'Kita Kinderparadies Körnerpark', 'Kita Paradiesvögel Karl-Marx-Straße', 'Kita Nachbarschaftsheim Neukölln 2', 'Kita Spatzenbande', 'Jonas 32']"
08100209,Glasower Straße,12.0,"['Ev. Kita Philipp Melanchthon', 'EKT - Kinderladen Pimpinella', 'EKT - Ali Baba u.seine Räuber', 'Kleiner Fratz', 'EKT - Ali Baba und seine Räuber', 'Kleiner Fratz', 'EKT Ali Baba und seine Räuber', 'Kita Bruno-Bauer-Straße 22 (nur Sprachförderung)', 'Kleiner Fratz', 'Kita Die Palmeninsel', 'Kita Glasower Str. 53 (nur Sprachförderung)', 'Bruno-Bauer-Str. 22 (FBO)']"
08100310,Maybachufer,8.0,"['Ev. Kita Nikodemus', 'EKT - Kinderfan', 'EKT - Naseweis', 'EKT Schokoschnuten', 'miKita', 'Kita Kinderbunt Maybachufer', 'Kita Sternengarten', 'Coworking Toddler Maybachufer']"
08100311,Reuterplatz,6.0,"['Kita der Kath. Kirchengem. St. Christophorus', 'EKT - Waffelbande', 'EKT - Einstürzende Bauklötze', 'EKT - Rasselbande', 'Kita Sonnenkäferhaus Reuterstraße', 'Kita Lenaustraße']"
08100312,Weichselplatz,14.0,"['Kita ""Sonnenschein""', 'Kita Rütlistr. 7/Kitas SüdOst', 'Ev. Kita/Kirchenkreis Neukölln', 'Kita Villa Kunterbunt', 'EKT - Tarzan und Isolde', 'EKT Zottelbär', 'EKT Lima', 'Kita Pan', 'Kita Weserstraße', 'Kita Weichselstraße', 'Kita ""Rotkäppchen""', 'EKT - Loupiot', 'Kleine Kita Mittendrin', 'Kindergarten Ackerwinde']"
08100313,Bouchéstraße,1.0,['EKT Wichtelstube']
08100314,Donaustraße,5.0,"['Kita Reuterstr. 72/Kitas SüdOst', 'EKT - Yong', 'Kita Zwergplaneten', 'Kita Wichtelgarten', 'Kleiner Fratz - Rixdorfer Grundschule (nur Sprachförderung)']"
08100415,Ganghoferstraße,6.0,"['""Mosaik""', 'Kita Rixdorfer Rüpel', 'Kinderladen Highway 2', 'Kita Kinderparadies Rixdorf', 'Kita Mosaikraupen', 'Bärliner Blümchen']"
08100416,Alt-Rixdorf,9.0,"['Kita Uthmannstr. 17/Kitas SüdOst', 'Ev. Kita Brüdergemeinde', 'Ev. Kita Magdalenen/Kirchenkr. Neukölln', 'EKT - Kleine Fische', 'EKT Puck', 'Kita Böhmische Straße', 'Kinderladen Großstadtgören', 'Kita Hoppipolla', 'Kleiner Fratz']"
08100417,Braunschweiger Straße,9.0,"['Kita Böhmische Str. 1-5Kitas SüdOst', 'Kita der Kath. Kirchengem. St. Richard', 'Kinderladen Puzzle', 'EKT Urmel', 'EKT - Minihausen', 'Kita Du und Ich', 'Kita Großstadtzwerge', 'Kowari internationaler Kindergarten', 'Kita Kindererde Schudomastraße']"
08100418,Hertzbergplatz,9.0,"['IB-Kita, Internationaler Bund', 'EKT Orgelpfeifen', 'EKT Highway', 'Kita/WeG gGmbH', 'EKT - ""Minnie Maus"" Verein z.Errichtung u.Betreibung v.EKT\'s e.V.', 'Kitaquarium', 'Kita Ackerwinde', 'FREUDE Kita Neukölln', 'Tombili']"
08100419,Treptower Straße Nord,4.0,"['Kita Wildenbruchstr. 25/Kitas SüdOst', 'Kita Treptower Straße', 'Kindertagesstätte Kleine Herzen', 'Die Kubis']"
08100520,Weiße Siedlung,1.0,['Ev. Kita Debora']
08100521,Schulenburgpark,5.0,"['Kita Drosselbartstr. 6/Kitas SüdOst', 'Kita Hänselstr. 6/Kitas SüdOst', 'Ev. Kita Tabea', 'FRÖBEL Kindergarten Highdechsen', 'Stadtteil-Kita High-Deck']"
08200622,Jahnstraße,5.0,"['Kita Bendastr.', 'Kita Hedwig und ihre Kräuterlehrlinge', 'Kita Regenbogen', 'Kindertagesstätte Evin', 'Kita Salam-Frieden 3']"
08200623,Park am Buschkrug,4.0,"['Kita Riesestr. 2-4/Kitas SüdOst', 'Lebenshilfe iKita', 'EKT Matschmonster', 'Haarlemer Str. 89 (FBO)']"
08200624,Tempelhofer Weg,5.0,"['Kita Sonnenkäfer', 'Kindertagesstätte Kinderplaneten', 'Kita Arielle 2', 'Elif und Emil I', 'Kita Arielle 4']"
08200725,Mohriner Allee Nord,1.0,['Kita Kleine Monster AG']
08200726,Hufeisensiedlung,6.0,"['Kita Britz Dorf', 'Kita Heiliger Schutzengel', 'Kinder- und Schülerladen Purzelbaum Britz', 'Kinder in Bewegung', 'Matschmonster II', 'Villa Frühlicht']"
08200727,Parchimer Allee Süd,8.0,"['Kita Grüner Weg 56/Kitas SüdOst', 'Kita Rappelkiste', 'Kita Paster-Behrens-Str. 81/Kitas SüdOst', 'Ev. Kita Hephatha', 'Kita der Kath. Kirchengem. Bruder Klaus', 'Ev. Kita Kirchenwichtel', 'Kita Ravelin', 'Kita Erdmännchen']"
08200728,Ortolanweg,1.0,['EKT Vereinigung für Jugendhilfe Berlin']
08200729,Britzer Garten,1.0,['EKT - Dinglhopper']
08200730,Handwerker-Siedlung,4.0,"['Ev. Kita Johann-Christoph-Blumhardt', 'Bärliner Bärchis Kita', 'Kita Familya', 'Schloss Undinchen']"
08200831,Buckow West,6.0,"['EKT - Kasperle', 'Kita Künheimer Weg', 'Kita Marienfelder Chaussee', 'Kita Igelschnecken-Igelkinder', 'Kindergarten Grashüpfer', 'Ev. Kita Neu-Buckow']"
08200832,Buckow Mitte,7.0,"['Kita An den Achterhöfen 1/Kitas SüdOst', 'Buckower Spatzen Bewegungskindergarten', 'Humanistische Kita Mäusevilla', 'Kita Rüsselbande', 'Kita Am Dorfteich', 'Kindergarten am Britzer Garten', 'FBO - Töpchiner Weg (FBO)']"
08200833,Buckow Ost,2.0,"['Kita Wildhüterweg 8/Kitas SüdOst', 'Humanistische Kita Landreiterweg']"
08300934,Gropiusstadt Nord-West,6.0,"['Ev. Kita Martin Luther King', 'EKT - Mieterinitiative HWS-Gropiusstadt', 'Kita Erdmännchen', 'Kita Erdmännchen 3', 'Villa Global/ Jugendamt Neukölln von Berlin (nur Sprachförderung)', 'Kinderland Gropiusstadt']"
08300935,Gropiusstadt Süd-West,5.0,"['Kita der Kath. Kirchengem. St. Dominicus', 'Ev. Kita Coretta King', 'IB-Kita, Internationaler Bund', 'Kita Lipschitzallee', 'Erdmännchen IV']"
08301036,Gropiusstadt Mitte,3.0,"['Kita Wutzkyallee 90/Kitas SüdOst', 'Ev. Kita Dreieinigkeit', 'Ev. Kita Regenbogen']"
08301037,Gropiusstadt Süd-Ost,5.0,"['Tabaluga Bewegungskindergarten', 'Kita Apfelsinenkiste/Ev. Kirchenkreis Neukölln', 'Kita Pretty World 4', 'Kleiner Fratz', 'Kleine Kapitäne Rudow']"
08401138,Goldhähnchenweg,,
08401139,Vogelviertel Süd,1.0,['Elif und Emil 3']
08401140,Vogelviertel Nord,2.0,"['Kita Die Möwe', 'Kita Ortolanweg 94/Kitas SüdOst']"
08401241,Blumenviertel,2.0,"['Kita Flurweg', 'Kita Piratennest']"
08401242,Zittauer Straße,4.0,"['Kita Till Eulenspiegel', 'EKT - ""Balou""', 'Kita Groß-Ziethener-Chaussee 144/Kitas SüdOst', 'Klein aber oho']"
08401243,Alt-Rudow,8.0,"['Kita Neudecker Weg 84/Kitas SüdOst', 'Kita der Kath. Kirchengem. St. Joseph', 'EKT Trollkinder', 'Kindergarten Sausewind', 'Kita Rudow', 'Kita Die kleinen Forscher', 'Kita Grashüpferchen Rudow', 'Kita Cheburashka Rudow']"
08401244,Waßmannsdorfer Chaussee,1.0,['Kita Knollstr. 73/Kitas SüdOst']
08401245,Frauenviertel,4.0,"['AWO Kita Die wilde 13', 'Kita Ursulinchen', 'Kinderladen flinke kids', 'Naturdetektive Kita Lieselotte']"
08401246,Waltersdorfer Chaussee Ost,2.0,"['Ev.Kita Momo Kirchenkreis Neukölln', 'Kindertagesstätte Chiquitito']"
09100101,Alt-Treptow,11.0,"['Kita Am Treptower Park 76/77/Kitas SüdOst', 'FRÖBEL Kindergarten Heureka', 'FRÖBEL Kindergarten Wirbelwind', 'Kita Am Karpfenteich', ""Kita Offensiv ' 91 - Bouchéstraße 25 A"", 'EKT Karl und Karla', 'Kita Pretty World', '2. Kita Pretty World', 'Elterninitiativ-Kita Kunger Küken', 'Kinderstube Abeona', 'Waldkita']"
09100202,Plänterwald West,2.0,"['Kita Greta and Friends', 'EKT Flitzpiepen']"
09100203,Plänterwald Ost,3.0,"['Kita Orionstraße', 'Kita Hummelflug', 'AWO Kita Spatzennest']"
09100304,Baumschulenweg West,9.0,"['Kita Dornbrunner Str. 17/Kitas SüdOst', 'Kita Heidemühler Weg', 'Kita Heidekampweg', 'Villa Klecks', 'Kleiner Fratz', 'Kleiner Fratz', 'Kita Die kleinen Entdecker', 'Kita Pirole', 'Kila Wilde Mö(h)re']"
09100305,Baumschulenweg Ost,4.0,"['Kita Die Traumfänger - Baumschulenweg', 'Kita Die Plänter/WeG gGmbH', 'Kita Arbolitos', 'Kita Arbolitos 2']"
09100306,Späthsfelde,1.0,['Kita Paradiesvögel GU Chris Gueffroy (FBO)']
09100407,Johannisthal West,5.0,"['Kita Sterndamm 214/214A/Kitas SüdOst', 'FRÖBEL Kindergarten-im-Grünen', 'KITA Springmäuse', 'Kita Am Haselbusch', 'Kita Gartenzwerge']"
09100408,Johannisthal Ost,8.0,"['Humanistische Kita Am Park', 'Kita Sternschnuppe', 'Kita Die wilden Knallerbsen', 'Kita Felix and Friends', 'Kita Groß-Berliner Damm', 'Kita Schwalbennest', 'Kita Smile', 'Vitale Großstadtmäuse IV']"
09100409,Landschaftspark Adlershof,3.0,"['Kita Melli-Beese-Haus', 'Kita am Flugplatz Johannisthal', 'Johannissterne']"
09200510,Helmholtz-Kiez,6.0,"['IB-Kita, Internationaler Bund', 'Kita Wattstr. 14/Kitas SüdOst', 'IB-Kita, Internationaler Bund', 'Kita Pretty World (3)', 'Kita Helmholtzstraße', 'Kitacampus Otto Krüger Zeile 4 / Helmholtzstr.']"
09200511,Griechischer Park,11.0,"['Kita Griechische Allee 21-25/Kitas SüdOst', 'EKT - WindFee', 'Kita der Ev. Kirchengem. Christuskirche Oberschöneweide', 'Kita Wilhelminenhofstraße', 'Kita Spreekinder', 'Kita Plönzwerge', 'Kita Ökolinos', 'Kita Zauberland gUG', 'Kita Traumschön', 'Kita Spreekinder 2', 'Kita Schöneweider Gören']"
09200512,Wuhlheide,5.0,"['Kita An der Wuhlheide 180/Kitas SüdOst', 'Kindertagesstätte Hl. Maria Magdalena', 'Kita Sonnentropfen', 'Kita Wuhlmäuse', 'Kita Waldwurzelzwerge']"
09200613,Bahnhof Schöneweide,9.0,"['Kita Sonnenstrahl der Ev.KG Niederschöneweide', 'Kita Spreeknirpse', 'freude Kita Niederschöneweide', 'FREUDE Kita Niederschöneweide 2', 'Kita Niederschöneweide 3', 'Kita Matschpiraten', 'Kita im Fenngarten', 'Freude Kita Niederschöneweide 4', 'Freude Kita Niederschöneweide 5']"
09200614,Oberspree,6.0,"['Mosaik Kita', 'Humanistische Kita Dreikäsehoch', 'Kindergarten der Freien Waldorfschule Berlin-Südost', 'Kita Wirbelwind', 'Kreativitätskindertagesstätte Treptow', 'Kita Adlerküken']"
09200715,Wista,5.0,"['Am Studio 5 / Kitas SüdOst', 'FRÖBEL Kindergarten Campus Kids', 'Montessori Kinderhaus Bienennest', 'Kita Familya Adlershof', 'BIP Kreativitätskita am Campus']"
09200716,Dörpfeldstraße West,7.0,"['Humanistische Kita Adlershofer Marktspatzen', 'Kita der Ev. Kirchengem. Adlershof', 'Kita Moissistraße', 'Kita Vitale Großstadtmäuse II', 'Kita Naturspatzen', 'Kita Kleefalter', 'Kita Sokuki']"
09200717,Dörpfeldstraße Ost,2.0,"['AWO Kita Sonnenkinder', 'DASI Kita Adlershof']"
09200818,Spindlersfeld,2.0,"['Kita Knirpsenbude', 'Kids & Pets Spindlersfeld']"
09200819,Köllnische Vorstadt,7.0,"['Kita Mahlower Str. 5-7/Kitas SüdOst', 'Zwergenstübchen', 'IB-Kita, Internationaler Bund', 'Evangelische Kindertagesstätte (R) Köpenick', 'KITA Die kleinen Füchse', 'Kita Eulenkinder', 'Kita Vorstadtknirpse']"
09300920,Dorf Altglienicke,11.0,"['Kita der Ev. Kirchengem. Altglienicke', 'Kita Zur Teutonenburg', 'Kita Vier Jahreszeiten', 'Kita Rudower Straße', 'Kinderzeit', 'Kleiner Fratz', 'Villa Moosmutzel', 'Kita im Familienbegegnungszentrum (FBZ)', 'Kita Jung-Kleen-Icke', 'Kita Peene Kapitäne', 'Kita Schönefelder Chaussee']"
09300921,Preußen Siedlung,,
09300922,Kosmos Viertel,5.0,"['Kita Venusstraße 59 / Kitas SüdOst', 'Kita Sonnenschein', 'Kita Im Kosmosviertel', 'CJD Kita an der Milchstraße', 'Freude Kita Süd-Ost Altglienicke']"
09300923,Kölner Viertel,5.0,"['FREUDE Kita Altglienicke', 'Kita Krümelnest', 'Kita am Wegabogen', 'Kita Nippeserstr. 20/Kitas SüdOst', 'EKT - Kinderland ""Biene Maja""']"
09301024,Falkenberg,3.0,"[""Kita Offensiv' 91/Haus-Nr. 56"", 'Kita Richterstr. 2a/Kitas SüdOst', 'Kleiner Fratz']"
09301025,Alt-Bohnsdorf,5.0,"['Evangelischer Forscherkindergarten Apfelbäumchen', 'Humanistische Kita Gartenstadtfrösche', 'Kleiner Fratz', 'Kita Seepferdchen', 'Kita Traumzauberwald']"
09301126,Grünau,7.0,"['Kita Traumhaus', 'Kita Waldspielhaus', ""Kita Offensiv' 91/Wassersportallee 4"", 'Kita Grüne Aue', 'Kita Pirateninsel', 'Kita Admiralfalter', 'Kita an der Dahme']"
09301227,Karolinenhof,1.0,['Kleiner Fratz']
09301228,Schmöckwitz/Rauchfangswerder,3.0,"['Kita der Ev. Kirchengem. Schmöckwitz', 'EKT - Kleine Fische-ganz groß', 'Kita Kleine Stadtdrachen']"
09401329,Kietzer Feld/Nachtheide,4.0,"['Kita Pusteblume', 'Kneipp-Kita Pfeffermäuse', 'Montessori Kinderhaus', 'Die Drei Affen 2']"
09401330,Wendenschloß,1.0,['Villa Bunterkunt']
09401431,Allende I,2.0,"[""Kita Offensiv' 91/Pablo-Neruda-Str. 12 -13"", 'IntegrationsKITA Hand in Hand']"
09401432,Siedlung Kämmereiheide,,
09401433,Allende II,2.0,"['Humanistische Kita Rappelkiste', 'Bude-Kids']"
09401534,Altstadt Köpenick,8.0,"['Kita Spitzerstr. 8/Kitas SüdOst', 'Kita Landjägerstr. 7/9/Kitas SüdOst', 'Kinderhaus kleine Entdecker', 'Kita Kleine Helden Köpenick', 'Kita Zauberblümchen', 'EKT Altstadtkrokodile', 'Freude Kita Köpenick', 'Kita Rumpelbude']"
09401635,Müggelheim,3.0,"['Kita Alt Müggelheim 10/Kitas SüdOst', 'Kita Müggelstern', 'Kita Müggelbande']"
09501736,Hirschgarten,3.0,"['KITA Schneckenhaus', 'Kita Glückszeile', 'Kita Frida']"
09501737,Alt-Friedrichshagen,12.0,"['EKT Frühling-Sommer-Herbst-Winter', 'Kita Bölschestr. 29/Kitas SüdOst', 'EKT - Müggelräuber', 'AWO Kita Müggelzwerge', 'Kita der Ev. Kirchengem. Berlin-Friedrichshagen', 'Kita Emrichstr. 51/Kitas SüdOst', 'EKT Friedrichshagener Kinderladen', 'DASI Kita Friedrichshagen', 'Kindergarten Unser Haus', 'Kita Traumzauberland', 'THOLP Kindergarten', 'Kita Friedrichshagen']"
09501838,Rahnsdorf,10.0,"['Kita Erknerstr. 46/Kitas SüdOst', 'Kita in der Mansarde', 'KITA Eichkater', 'Evangelischer Kindergarten ""Arche Noah""', 'Kita Kinder in Bewegung (KiB)', 'Kita Rahnsdorfer Spatzen', 'Kita am Wald', 'Kita Schönblick', 'Kita Die Inselzwerge', 'FRÖBEL-Kindergarten ""Seewinkel""']"
09501939,Bahnhofstraße,5.0,"['Kita St. Josefsstift', 'Kita FindeFuchs', 'Bewegte Kita', 'Kita Kinderstube', 'Kita Weltenbummler']"
09501940,Güterbahnhof Köpenick,3.0,"['EKT Rabenkinder', 'BOOT-Kita Puchanstraße', 'Kita Hoppelhasen']"
09501941,Friedrichshagener Straße,3.0,"['Schwanenkita', 'Kita Friedrichshagener Str.', 'Evangelische Kindertagesstätte (G) Köpenick']"
09502042,Mittelheide,2.0,"['EKT Die Grünspechte', 'Kita Uhlenhorster Str. 27/Kitas SüdOst']"
09502043,Dammheide,3.0,"['Kita Kaulsdorfer Str. 313/315/Kitas SüdOst', 'Kita Wirsi-Kids', 'Kita Wuhlekinder']"
10100101,Marzahn West,2.0,"['Kita Kiek mal Standort 2', 'Humanistische Kita Knirpsenstadt am Glitzerbach']"
10100102,Rosenbecker Straße,3.0,"['Kita Kiek mal Standort 1', 'Kita ""Am Stadtrand""', 'Kita Händchenklein']"
10100103,Wittenberger Straße,2.0,"['Kita Irgendwie Anders', 'Kita Reggio-Kinderhaus/Kigä NordOst']"
10100104,Golliner Straße,6.0,"['Kita Montessori-Kinderhaus', 'Kita Windlicht', 'Bunte Kinderwelt', 'Kita Jahresuhr', 'Kita Rabennest', 'Montessori Kinderhaus heilpädagogische Gruppe']"
10100205,Gewerbegebiet Bitterfelder Straße,2.0,"['Gemeinschaftsunterkunft Bitterfelder Str. (FBO)', 'Manege - Kita Bernhard Bosch']"
10100206,Wuhletalstraße,5.0,"['Kita Schleusinger Straße', 'Kita Wuhlehopser', 'Kita Kunterbunt', 'Kita Zwergenoase/Kigä NordOst', 'M3+ JFE (nur Sprachförderung)']"
10100207,Ahrensfelder Berge,2.0,"['Kita Die Bergzwerge', 'Kita Regenbogeninsel']"
10100208,Bürgerpark,4.0,"['Kita Kreuz und Quer', 'Kita Walter-Felsenstein-Str. 39/41/Kigä NordOst', 'Kleine Wunder', 'Kita Händchenklein']"
10100209,Lea-Grundig-Straße,4.0,"['Kindertagesstätte Märchenhaus', 'Kita Goldfischchen', '""Schwalbennest""', 'Kita Putzmunter']"
10100210,Marzahner Promenade,6.0,"['Mini Knirpse', 'Kita Multitalent', 'Kleiner Fratz', 'Kita Kinderhaus Katz und Maus/Kigä NordOst', 'Kita Knirpsenhaus', 'Humanistisches Familienhaus Felix']"
10100311,Marzahner Chaussee,1.0,['Kita Marzahner Chaussee']
10100312,Springpfuhl,9.0,"['Kita Akazieninsel', 'Die Senfkörner', 'Kita Notenhopser', 'Kita Spatzennest/Kigä NordOst', 'Kita Kleine Kosmonauten', 'Kinderwelten Akaziengrund (FBO)', 'Kita Raupe Nimmersatt', 'Kita ""Murtzaner Ring""', 'Kita Mosaik']"
10100313,Alt-Marzahn,3.0,"['Kita Teremok', 'Gemeinschaftsunterkunft Paul-Schwenk-Str. (FBO)', 'Evangelischer Dorfkindergarten']"
10100314,Auersbergstraße,2.0,"['Kita Kinderstube', 'Kita Tausendfuß/Kigä NordOst']"
10100315,Bärenstein,2.0,"['Kita Kienberg-Krabben', 'Kita Hummelburg']"
10100316,Landsberger Tor,3.0,"['Kita Abenteuerland', 'Kitaladen Jugendwerk Aufbau Ost', 'Kita Kleine Kapitäne Marzahn']"
10200417,Zossener Straße,4.0,"['Kita Taffy', 'Kita Traumzauberhaus', 'Kita Alte Hellersdorfer Straße', 'Kita Warumka']"
10200418,Kyritzer Straße,2.0,"['BOOT-Kita Wummelbude', 'Kita Grünschnabel']"
10200419,Havelländer Ring,2.0,"['Humanistische Kita Kastanienallee', 'Kita Stendaler Str. 29']"
10200420,Gut Hellersdorf,4.0,"['BOOT-Kita Haus Lach und Krach', 'Kita Kastanienknirpse', 'JFE JOKER (nur Sprachförderung)', 'Kita Cottbusser Platz']"
10200421,Helle Mitte,1.0,['Gemeinschaftsunterkunft Kokoschkastr. 4 (nur Sprachförderung)']
10200422,Hellersdorfer Promenade,4.0,"['Kita Am Beerenpfuhl', 'Kita ARTi', 'Kita kleine Kapitäne', 'Himpelchen & Pimpelchen']"
10200423,Böhlener Straße,5.0,"['Kita Weißenfelserstraße', 'Kita Spielhaus', 'Kita KINDERINSEL', 'Kita Galileo', 'Kita Torgauer Straße']"
10200524,Adele-Sandrock-Straße,4.0,"['BOOT-Kita Am Kirschbaum', 'Kita Blumentraum', 'Kita Helles Nest', 'Kita in der Gemeinschaftsunterkunft AKS (FBO)']"
10200525,Schleipfuhl,2.0,"['""Naseweis""', 'Humanistische Kita Zum Hasenhügel']"
10200526,Boulevard Kastanienallee,5.0,"['Kita Springmäuse', 'Ev. Regenbogenkita', 'Kita KINDERPLANET', 'Segelfalter (FBO)', 'Kita ARTur']"
10200627,Am Kienberg,1.0,['Modularer Kita Bau']
10200628,Neue Grottkauer Straße,5.0,"['Kita Happy-Hippo-Land/Kigä NordOst', 'dreieins-Kindertagesstätte Berlin Kaulsdorf', 'Kindertagesstätte Märchenland', 'Kita Wunderwelt', 'dreieins bilinguale Kindertagesstätte Berlin-Kaulsdorf (d/e)']"
10200629,Teterower Ring,4.0,"['BOOT-Kita Spatzenhaus', 'Kita Baumelbaum', 'Kita Eigensinn', 'Kita Elementa']"
10200630,Cecilienplatz,1.0,['Kita Rappelkiste']
10300731,Oberfeldstraße,4.0,"['Kita Biesdorfer Kindertagesstätte Sonne', 'Kita Oberfeldstraße', 'Kita Die Senfkörner II', 'Kita Igelgarten/Kigä NordOst']"
10300732,Buckower Ring,6.0,"['Kita Hasenburg', 'Dussmann Kulturkindergarten am Unfallkrankenhaus Berlin', 'Kita Traumland', 'Kita Gartenkinder', 'Kita Wuhleblick', 'Kita Wuhlespatzen/Kigä NordOst']"
10300733,Alt-Biesdorf,5.0,"['Kita Biesdorfer Zwergenhaus', 'Kita - Sonnenkäferwelt', '""casa dei bambini""', 'Kita Fuchtelzwerge', 'Evangelische Kita Schneckenhaus']"
10300734,Biesdorf Süd,4.0,"['Klax Krippe Mäusekiste und Klax Kindergarten Salamander', 'Kita Waldhäuschen', 'Kita BIP Kreativitätskita Schmetterlingswiesen', 'Kita Indianerzwerge']"
10400835,Kaulsdorf Nord,7.0,"['Kita Finkelsteinstraße', 'Kita Jahreskreis', 'Kita Kaulsdorf', 'Kita der Kath. Kirchengem. Kaulsdorf St. Martin', 'Kita Entdeckerzwerge', 'Kita ""Seespatzen""', 'Kita Landrestr. 9']"
10400836,Alt-Kaulsdorf,2.0,"['Kita der Ev. Kirchengem. Kaulsdorf', 'Kita Kinderparadies']"
10400837,Kaulsdorf Süd,2.0,"['Kita Ulmenstr. 79/Kigä NordOst', 'Traumzauberhaus']"
10400938,Mahlsdorf Nord,4.0,"['Kita Kinderlachen', 'Kita Grashüpfer', 'Ev. Kindergarten Mahlsdorf', 'Kita Engelchen und Teufelchen']"
10400939,Alt-Mahlsdorf,5.0,"['Kita Rosengarten', 'Kita Bunte Kinderwelten', 'KiKu Kinderland Mahlsdorf', 'Emma und Lukas', 'Kita Wundervogel']"
10400940,Elsensee,3.0,"['Kindergarten ""Zu den Seen""', 'Europa Kita II Mahlsdorf', 'Kita freiundgeborgen']"
10400941,Pilgramer Straße,8.0,"['Kita Mahlsdorf', 'Kita Wirbelwind', 'Kita Haus am Wald', 'Kita Sonnenblume', 'Kita Kletterfrösche', 'Kita Die Lutherzwerge', 'Kita Zauberwiese', 'Kita ""Theo&Dora""']"
11100101,Dörfer Malchow-Wartenberg,4.0,"['Kita Dorfstr. 4A (Wartenberg)/Kigä NordOst', 'Kita Dorfstr. 37 (Malchow)/Kigä NordOst', 'Ev. Kita Wartenberg', 'Kita Vogelnest']"
11100102,Dorf Falkenberg,3.0,"['Kita Dorfstr. 5 (Falkenberg)/Kigä NordOst', 'Hausvaterweg (FBO)', 'St. Konrad']"
11100203,Falkenberg Ost,3.0,"['Kita Wiesenhüpper', 'Klax Krippe Grashüpfer und Klax Kindergarten Glühwürmchen', 'Kita Kinder in Bewegung (KiB)']"
11100204,Falkenberg West,4.0,"['Kita Warnitzer Str. 9', 'Kita Randowstr. 41/43/Kigä NordOst', 'Kita Sonnenblümchen', 'Kita Traumwerkstatt']"
11100205,Wartenberg Süd,2.0,"['Kunst-Kita', 'Kita Kreativhaus Sonnenblume']"
11100206,Wartenberg Nord,4.0,"['Kindertagesstätte ""kieke mal""', 'Kita Nido Piccolo', 'Kita Kinderparadies Wirbelwind', 'Gemeinschaftsunterkunft Hagenower Ring (nur Sprachförderung)']"
11100307,Zingster Straße Ost,6.0,"['Kita Ahrenshooper Spatzen', 'Kita Schneckenhausen', 'Kita Leuchtturm', 'Kita Wolkenreise', 'Kita Sonnenschein', 'Ahrenshooper Kinderwelten (FBO)']"
11100308,Zingster Straße West,4.0,"['KINDERHAUS Berlin - Mark Brandenburg', 'Dracos Drachen Kids', 'Kita Reriker Str. 20/Kigä NordOst', 'Kita Fiorella']"
11100309,Mühlengrund,4.0,"['Kita Hafenstadt', 'Kita Matenzeile 2/4/Kigä NordOst', 'GU Wartenberger Str. (FBO)', 'Kita Wartenberger Str.']"
11200410,Malchower Weg,6.0,"['Kita Malchower Weg 46/Kigä NordOst', 'Kita Zwergtaucher', 'Evangelische Kita Arche Noah', 'Kita Abenteuerland', 'Degnerstr. (FBO)', 'FBO Kinderwelten im Funkloch (FBO)']"
11200411,Hauptstraße,5.0,"['Kita Mitra Rechter Gebäudeteil', 'Kita Heckelberger Ring 1/3/Kigä NordOst', 'das Bildungshaus', 'Kita Campus Hedwig', 'FBO Wollenberger Straße (FBO)']"
11200512,Orankesee,5.0,"['Kita Matt Lamb', 'Kita Eichhörnchen', 'EKT Oberseeräuber', 'Kitaverbund Regenbogen', 'Kita (FBO)']"
11200513,Große-Leege-Straße,4.0,"['Kindertagesstätte ""Wundertüte""', 'Die kleinen Erfinder', 'Kita Spree Eule', 'Simon Bolivar']"
11200514,Landsberger Allee,5.0,"['Kita Neustrelitzer Str. 32-34/Kigä NordOst', 'Kita Kleene Dickköppe und Große Ulknudeln', 'Kita Kinder in Bewegung (KiB)', 'Kita Tausendfüßler', 'Kita Neo']"
11200515,Weiße Taube,2.0,"['Kita Schalkauer Str. 25C/Kigä NordOst', 'Kita Weiße Taube 1']"
11300616,Hohenschönhauser Straße,3.0,"['Kita Entdeckerland', 'Kindergarten Rappelkiste', 'Private Europa-Kita']"
11300617,Fennpfuhlpark,2.0,"['Kita an der alten Kastanie', 'Kita Paule am Park']"
11300618,Storkower Bogen,2.0,"['Kita Kinderträume', 'Kita Storkower Zauberwäldchen']"
11300619,Rudolf-Seiffert-Park,5.0,"['Kita Phantasialand', '""Spatzennest""', 'Kita Sonnenschein', 'Kita Märchenland', 'Christliche Kita Fischlein']"
11300620,Fennpfuhl Ost,6.0,"['Zwergenparadies', 'Kita Paule Platsch', 'Kita Landsberger Allee', 'Kita Rübchen', 'Kita Wunderkinder', 'Kita Rübchen II']"
11300721,Herzbergstraße,2.0,"['Kita Ev. Diakoniewerk Königin Elisabeth', 'Rhinspatzen']"
11300722,Rathaus Lichtenberg,3.0,"['""Sonnengarten""', 'Kita Zaubertal', 'Stepke Kita Weltendecker']"
11300723,Bornitzstraße,2.0,"['Kita Singemäuse', 'Kindertagesstätte Villa Milla']"
11300724,Roedeliusplatz,4.0,"['Kita der Ev. Kirchengem. Alt-Lichtenberg', 'Kita Bunte Plonzstifte', 'Kita Zauberinsel', 'Zauberwald']"
11300725,Nibelungenviertel,5.0,"['Kita Kiezspatzen', 'Kreativitätskindertagesstätte Eigensinn', 'EKT Herzberger Wurzelzwerge', 'Kita am Lindenhof', 'Kita Laduschki']"
11300826,Frankfurter Allee Süd,5.0,"['Kita Harnackstr. 7/9', 'Kita Farbklecks', 'Kita Abenteuer Welt', 'Kita der Kath. Kirchengem. St. Mauritius', 'MoKiB Harnackstr. 11']"
11400927,Victoriastadt,6.0,"['Kita Buntstift', 'EKT Kinderleben - Kind erleben', 'Kindergarten Sonnenbogen', 'Kinderladen Kaskelkinder', 'Kita Fine Turbine', 'Kita Victoria']"
11400928,Nöldnerplatz,4.0,"['Ev. Kindergarten Am Glockenturm', 'Kita Stadthäuschen', 'Kita Zahnlücke', 'Kita Hucky Bucky']"
11400929,Weitlingkiez,11.0,"['Kita Sonnenhof', 'Kita Sonnenblume/Kigä NordOst', 'CityKids Berlin', 'Kita Pusteblume', 'Kita Rappelkiste', 'Kita Spieltraum', 'Kita Sophies Welt', 'Kita Marie-Curie-Allee', 'Kita Mausezahn', 'Vitale Großstadtmäuse III', 'Kita Gisela']"
11400930,Zachertstraße,4.0,"['Kita Erlenhof', 'Kita Lichtenzwerge', 'Kita Archenholdstraße', 'Evang. Kindertagesstätte Weit Blick']"
11400931,Massower Straße,2.0,"['Kita Purzelbaum', 'Kita DETI']"
11401032,Rosenfelder Ring,1.0,['Kita Rosenfelder Ring 35/35A/Kigä NordOst']
11401033,Gensinger Straße,3.0,"['Kita- und Familienzentrum Gensinger Str.', 'Kita Schlaue Füchse', 'Kita Tierparkzwerge']"
11401034,Tierpark,2.0,"['Kita Märcheninsel', 'Kita ""Schlossspatzen""']"
11401135,Dolgenseestraße,3.0,"['EKT Eene meene mopel', 'Kita Krokofant', 'Dolgensee Kids']"
11401136,Volkradstraße,6.0,"['Kita Baikalstr. 2', 'Kita Balatonknirpse', '""Erlebniswelt""', 'Kita Wolkenschaf', 'Kinder- und Familienzentrum KIKIFLO', 'Kita Rummelburger Straße']"
11401137,Erieseering,1.0,['Kita Bärenkinder']
11501238,Rummelsburg,3.0,"['Kita Hoppetosse/Kigä NordOst', 'Kita Waschbär', 'KITA Seepiraten']"
11501339,Karlshorst West,8.0,"['Kita Das tapfere Schneiderlein', 'Kita Zwergenland', 'Kreativitätskindertagesstätte Wunderwelt', 'Kita Dorothea', 'Kita Kleine Wichtel', 'Kita an der Hochschule für Technik und Wirtschaft', 'Musikkindergarten Lichtenberg', 'BIP Kreativitätskita Treskow-Höfe']"
11501340,Karlshorst Nord,6.0,"['AWO Kita Grashüpfer', 'Kita Römerweg 106 und 112/Kigä NordOst', 'Kita Pepe Rakete', 'Kita Querbeet', 'Kita Villa Pixie', 'Kita Karlszwerge']"
11501341,Karlshorst Süd,15.0,"['Kreativitätskindertagesstätte Die Slups', 'Kita Heiligenberger Str./Kigä NordOst', 'Kiga Morgensonne', 'Waldorf-Kindergarten Karlshorst', 'Waldorfkindergarten Karlshorst', 'Kita Kesse Früchtchen', 'Kita Quatschköpfe', 'Kita ""Am Carlsgarten""', 'EKT Luna Sternenstaub', 'Kita Treskowallee', 'ABC Kindergarten', 'Kita Glücksallee', 'Kita Papagei', 'Kita Wildensteiner Str.', 'Kita Stechlinstr. 26']"
12100101,Letteplatz,2.0,"['Kita Letteallee', 'Kita Mittelbruchzeile']"
12100102,Hausotterplatz,6.0,"['Ev. Kindertagesstätte', 'EKT - Saftladen', 'EKT - Rummel-Bummel', 'Kita Amendestraße', 'Montessori-Kinderhaus Sommerstraße', 'Kindertagesstätte Fidibus']"
12100103,Breitkopfbecken,4.0,"['Kita Kinderland', 'Kita der Kath. Kirchengem. St. Marien', 'Kita Sommergarten', 'Kita Resi']"
12100204,Schäfersee,7.0,"['Kita der Ev. Luther Kirchengem. Alt-Reinickendorf', 'EKT - Die Entdecker (1)', 'EKT - Schülerladen Bullerbü', 'Kita Pfiffikus', 'Kita ""Die kleinen Füchse""', 'EKT - Die Entdecker (III)', 'ABC-Hamster (nur Sprachförderung)']"
12100205,Teichstraße,11.0,"['Kita der Ev. Kirchengem. Alt-Reinickendorf', 'Kita Kunterbunt', 'Kita Alt-Reinickendorf', 'Kita Zicke-Zacke', 'Kinderinsel Alt-Reinickendorf', 'Kita Pirole', 'Kita Luftballon', 'Kinderinsel Aroser Allee', 'Kita Nemo', 'Kita Luftballon', 'Kita Kinderinsel Weiße Stadt']"
12100206,Humboldtstraße,1.0,['Kita Humboldtstraße']
12200307,Reinickes Hof,1.0,['Kita Sternblume']
12200308,Meller Bogen,5.0,"['Humanistische Kita General-Woyna-Straße', 'Kita Albatros', 'Lustige Spatzen', 'Die kleinen Grünschnäbel II', 'Freude Kita Reinickendorf']"
12200309,Scharnweberstraße,7.0,"['Kita Sonnenkinder', 'Kita der Kath. Kirchengem. St. Rita', 'Kita - Schillingstraße', 'Kita Wortschmiede', 'Kita Hakuna Matata', 'Kindertagesstätte Simba', 'Kita Uranuskids']"
12200310,Klixstraße,6.0,"['Ev. Kita Albert-Schweitzer/Ev. Segenskirchengemeinde', 'AWO Kita Kinderwelt', 'Kindertagesstätte Kuddel-Muddel', 'Kita - Die kleinen Grünschnäbel', 'Kita Stadtperlen', 'Kita Antonia']"
12200411,Schumacher-Quartier,1.0,['Sprachfördergruppe Schatztruhe (nur Sprachförderung)']
12200412,Waldidyll/Flughafensee,1.0,['Kindertagesstätte Waldräuber']
12200413,Tegel Süd,4.0,"['Kita Neheimer Straße', 'Kita der Ev. Kirchengem. Tegel-Süd', 'Kita der Kath. Kirchengem. St. Bernhard', 'AWO Kita Schneckenhaus']"
12200414,TXL,1.0,['Siemensstadt-Kita Dreieinigkeit']
12200515,Alt-Tegel,8.0,"['Kita Ameisenburg', 'Kita der Ev. Kirchengem. Alt-Tegel', 'EKT Hokus Pokus', 'Kita Karoline', 'Kindertagesstätte am Tegeler Fließ', 'Kita Seesterne', 'Kindertagesstätte Tegler Lieblingskinder', 'Montessori-Kinderhaus Spatzen']"
12400616,Konradshöhe/Tegelort,3.0,"['Kita Havelsternchen', 'Kita Waldmäuse e.V./Waldabschni.Konradshöhe/Reiherberg', 'Kita der Ev. Kirchengem. Konradshöhe-Tegelort']"
12400617,Alt-Heiligensee,5.0,"['Kita Hennigsdorfer Straße', 'EKT Regenbogenkinder', 'Kinderhaus des Montessori-Campus am Tegeler Forst (Alt-Heiligensee)', 'Kita der Ev. Dorf-Gemeinde Heiligensee', 'Kita Dachskinder']"
12400618,Heiligensee Nord,1.0,['Kita Waldkirche/Ev.Kg.Bln-Heiligensee']
12400619,Heiligensee,5.0,"['EKT Kleine Pusteblume', 'Kita - Die Igelkinder', 'Kita Regenbogen', 'Kita der Ev. Kirchengem. Matthias-Claudius', 'Kita am Südfeld']"
12400720,Frohnau West,2.0,"['Kita Maximiliankorso', 'Christliche Montessori-Kindertagesstätte']"
12400721,Frohnau Ost,9.0,"['Kita Frohnatur', 'Ev. Kita Frohnau', 'Kita der Kath. Kirchengem. St. Hildegard', 'EKT - Ententeich', 'Wurzelkinder e.V. - Maxis', 'EKT Kinderhaus Frohnau', 'Kita Schneckenhaus', 'Kita Knusperhaus vom Rosenanger', 'Wurzelkinder e.V. - Minis']"
12400722,Hermsdorf West,4.0,"['Kita Villa Flitzesternchen', 'Kita Fichtestraße', 'Kita Entdeckerburg', 'Waldkindergarten Waldwichtel']"
12400723,Hermsdorf Ost/Waldsee,10.0,"['Kita Seestraße', 'Ev. Kita Hermsdorf', 'Kita der Kath. Kirchengem. Maria Gnaden', 'Kleine Nordlichter', 'Sonnenkita-Hermsdorf', 'EKT - Waldorf-Kindergarten Hermsdorf', 'Kita Zwergenschloß', 'Kindergarten Mini-Kids mit Grips', 'Kinderkrippe Zwergenschloß', 'Kita ""Rotbuche""']"
12500824,Ziekowstraße/Freie Scholle,6.0,"['AWO Kita Freie Scholle', 'Kita Apfelbäumchen', 'Kita der Kath. Kirchengem. Herz-Jesu', 'Kita der Ev.-methodistischen Kirche', 'Kita Humboldts Lieblingskinder', 'Kita Hoffnungskirche']"
12500825,Borsigwalde,5.0,"['Kita Ernststraße', 'Kita der Ev. Kirchengem. Borsigwalde', 'Kita Tietzer Strolche', 'Schubarts Lieblingskinder', 'Kita Tiezstr. 25']"
12500926,Wittenau Mitte,6.0,"['Kita Eichborndamm', 'Kita der Ev. Kirchengem. Alt-Wittenau', 'Kita der Kath. Kirchengem. St. Nikolaus', 'Kita Alt-Wittenau', 'Kita Bilderbuch', 'Kita Mondschein']"
12500927,Wittenau Nord,3.0,"['Kita/Kinder in Bewegung (KiB)', 'Kita der Ev. Kirchengem. Wittenau', 'Ginsterkatze']"
12500928,Waidmannslust,9.0,"['Kita Nimrodstraße', 'Kinderkrippe MINI-KIDS mit GRIPS', 'EKT Lollipopp', 'Kita Remmi-Demmi im Bergschloss', 'Kindergarten Jorinde & Joringel', 'Kita Mohnblume', 'Sprachfördergruppe Babelfisch (nur Sprachförderung)', 'Kita Froschkönig', 'APEGO-Kita Berlin']"
12500929,Lübars,4.0,"['Kita der Ev. Kirchengem. Lübars', 'EKT - Knusperhäuschen', 'Kita Alte Fasanerie', 'Kita Libelle']"
12500930,Wittenau Süd,3.0,"['Kita Rathauspromenade', 'Kita Rotbuchenweg', 'Kita der Ev. Kirchengem. Alt-Wittenau']"
12601031,Lübarser Straße,5.0,"['Kita/Kinder in Bewegung (KiB)', 'Kita Wirbelwind', 'EKT - Schlumpfoase', 'Kita Papageifisch', 'Kita Edelweiß']"
12601032,Rollbergesiedlung,2.0,"['Kita Waldshuter Zeile', 'Kita der Ev. Felsen-Kirchengem.']"
12601133,Treuenbrietzener Straße,2.0,"['Kita Treuenbrietzener Straße', 'Kindertagesstätte Kalinka']"
12601134,Märkisches Zentrum,10.0,"['Kita La Vita', 'Kita Senftenberger Ring', 'Kita Krümelkiste', 'Kita der Ev. Kirchengem. Am Seggeluchbecken', 'Katholische Kindertagesstätte St. Martin', 'EKT Heinzegraben', 'Evangelische Kita Regenbogen', 'Kita Märkolino', 'Horizonte-Kids', 'FBO der GU Senftenberger Ring (FBO)']"
12601235,Dannenwalder Weg,5.0,"['Kita Tornower Weg', ""Europa Kita Die Kinderinsel / L'ile aux enfants"", 'Kita Kirchenmäuse', 'Kita Tornower Weg', 'Horizonte-für Familien-gGmbH (nur Sprachförderung)']"
12601236,Schorfheidestraße,4.0,"['Kita Container', 'Kita Mäusekiste', 'Kita Forumhaus', 'Kita Varius Sol']"
